"","y","Fecha"
"1",58,1749-01-01
"2",62.6,1749-02-01
"3",70,1749-03-01
"4",55.7,1749-04-01
"5",85,1749-05-01
"6",83.5,1749-06-01
"7",94.8,1749-07-01
"8",66.3,1749-08-01
"9",75.9,1749-09-01
"10",75.5,1749-10-01
"11",158.6,1749-11-01
"12",85.2,1749-12-01
"13",73.3,1750-01-01
"14",75.9,1750-02-01
"15",89.2,1750-03-01
"16",88.3,1750-04-01
"17",90,1750-05-01
"18",100,1750-06-01
"19",85.4,1750-07-01
"20",103,1750-08-01
"21",91.2,1750-09-01
"22",65.7,1750-10-01
"23",63.3,1750-11-01
"24",75.4,1750-12-01
"25",70,1751-01-01
"26",43.5,1751-02-01
"27",45.3,1751-03-01
"28",56.4,1751-04-01
"29",60.7,1751-05-01
"30",50.7,1751-06-01
"31",66.3,1751-07-01
"32",59.8,1751-08-01
"33",23.5,1751-09-01
"34",23.2,1751-10-01
"35",28.5,1751-11-01
"36",44,1751-12-01
"37",35,1752-01-01
"38",50,1752-02-01
"39",71,1752-03-01
"40",59.3,1752-04-01
"41",59.7,1752-05-01
"42",39.6,1752-06-01
"43",78.4,1752-07-01
"44",29.3,1752-08-01
"45",27.1,1752-09-01
"46",46.6,1752-10-01
"47",37.6,1752-11-01
"48",40,1752-12-01
"49",44,1753-01-01
"50",32,1753-02-01
"51",45.7,1753-03-01
"52",38,1753-04-01
"53",36,1753-05-01
"54",31.7,1753-06-01
"55",22,1753-07-01
"56",39,1753-08-01
"57",28,1753-09-01
"58",25,1753-10-01
"59",20,1753-11-01
"60",6.7,1753-12-01
"61",0,1754-01-01
"62",3,1754-02-01
"63",1.7,1754-03-01
"64",13.7,1754-04-01
"65",20.7,1754-05-01
"66",26.7,1754-06-01
"67",18.8,1754-07-01
"68",12.3,1754-08-01
"69",8.2,1754-09-01
"70",24.1,1754-10-01
"71",13.2,1754-11-01
"72",4.2,1754-12-01
"73",10.2,1755-01-01
"74",11.2,1755-02-01
"75",6.8,1755-03-01
"76",6.5,1755-04-01
"77",0,1755-05-01
"78",0,1755-06-01
"79",8.6,1755-07-01
"80",3.2,1755-08-01
"81",17.8,1755-09-01
"82",23.7,1755-10-01
"83",6.8,1755-11-01
"84",20,1755-12-01
"85",12.5,1756-01-01
"86",7.1,1756-02-01
"87",5.4,1756-03-01
"88",9.4,1756-04-01
"89",12.5,1756-05-01
"90",12.9,1756-06-01
"91",3.6,1756-07-01
"92",6.4,1756-08-01
"93",11.8,1756-09-01
"94",14.3,1756-10-01
"95",17,1756-11-01
"96",9.4,1756-12-01
"97",14.1,1757-01-01
"98",21.2,1757-02-01
"99",26.2,1757-03-01
"100",30,1757-04-01
"101",38.1,1757-05-01
"102",12.8,1757-06-01
"103",25,1757-07-01
"104",51.3,1757-08-01
"105",39.7,1757-09-01
"106",32.5,1757-10-01
"107",64.7,1757-11-01
"108",33.5,1757-12-01
"109",37.6,1758-01-01
"110",52,1758-02-01
"111",49,1758-03-01
"112",72.3,1758-04-01
"113",46.4,1758-05-01
"114",45,1758-06-01
"115",44,1758-07-01
"116",38.7,1758-08-01
"117",62.5,1758-09-01
"118",37.7,1758-10-01
"119",43,1758-11-01
"120",43,1758-12-01
"121",48.3,1759-01-01
"122",44,1759-02-01
"123",46.8,1759-03-01
"124",47,1759-04-01
"125",49,1759-05-01
"126",50,1759-06-01
"127",51,1759-07-01
"128",71.3,1759-08-01
"129",77.2,1759-09-01
"130",59.7,1759-10-01
"131",46.3,1759-11-01
"132",57,1759-12-01
"133",67.3,1760-01-01
"134",59.5,1760-02-01
"135",74.7,1760-03-01
"136",58.3,1760-04-01
"137",72,1760-05-01
"138",48.3,1760-06-01
"139",66,1760-07-01
"140",75.6,1760-08-01
"141",61.3,1760-09-01
"142",50.6,1760-10-01
"143",59.7,1760-11-01
"144",61,1760-12-01
"145",70,1761-01-01
"146",91,1761-02-01
"147",80.7,1761-03-01
"148",71.7,1761-04-01
"149",107.2,1761-05-01
"150",99.3,1761-06-01
"151",94.1,1761-07-01
"152",91.1,1761-08-01
"153",100.7,1761-09-01
"154",88.7,1761-10-01
"155",89.7,1761-11-01
"156",46,1761-12-01
"157",43.8,1762-01-01
"158",72.8,1762-02-01
"159",45.7,1762-03-01
"160",60.2,1762-04-01
"161",39.9,1762-05-01
"162",77.1,1762-06-01
"163",33.8,1762-07-01
"164",67.7,1762-08-01
"165",68.5,1762-09-01
"166",69.3,1762-10-01
"167",77.8,1762-11-01
"168",77.2,1762-12-01
"169",56.5,1763-01-01
"170",31.9,1763-02-01
"171",34.2,1763-03-01
"172",32.9,1763-04-01
"173",32.7,1763-05-01
"174",35.8,1763-06-01
"175",54.2,1763-07-01
"176",26.5,1763-08-01
"177",68.1,1763-09-01
"178",46.3,1763-10-01
"179",60.9,1763-11-01
"180",61.4,1763-12-01
"181",59.7,1764-01-01
"182",59.7,1764-02-01
"183",40.2,1764-03-01
"184",34.4,1764-04-01
"185",44.3,1764-05-01
"186",30,1764-06-01
"187",30,1764-07-01
"188",30,1764-08-01
"189",28.2,1764-09-01
"190",28,1764-10-01
"191",26,1764-11-01
"192",25.7,1764-12-01
"193",24,1765-01-01
"194",26,1765-02-01
"195",25,1765-03-01
"196",22,1765-04-01
"197",20.2,1765-05-01
"198",20,1765-06-01
"199",27,1765-07-01
"200",29.7,1765-08-01
"201",16,1765-09-01
"202",14,1765-10-01
"203",14,1765-11-01
"204",13,1765-12-01
"205",12,1766-01-01
"206",11,1766-02-01
"207",36.6,1766-03-01
"208",6,1766-04-01
"209",26.8,1766-05-01
"210",3,1766-06-01
"211",3.3,1766-07-01
"212",4,1766-08-01
"213",4.3,1766-09-01
"214",5,1766-10-01
"215",5.7,1766-11-01
"216",19.2,1766-12-01
"217",27.4,1767-01-01
"218",30,1767-02-01
"219",43,1767-03-01
"220",32.9,1767-04-01
"221",29.8,1767-05-01
"222",33.3,1767-06-01
"223",21.9,1767-07-01
"224",40.8,1767-08-01
"225",42.7,1767-09-01
"226",44.1,1767-10-01
"227",54.7,1767-11-01
"228",53.3,1767-12-01
"229",53.5,1768-01-01
"230",66.1,1768-02-01
"231",46.3,1768-03-01
"232",42.7,1768-04-01
"233",77.7,1768-05-01
"234",77.4,1768-06-01
"235",52.6,1768-07-01
"236",66.8,1768-08-01
"237",74.8,1768-09-01
"238",77.8,1768-10-01
"239",90.6,1768-11-01
"240",111.8,1768-12-01
"241",73.9,1769-01-01
"242",64.2,1769-02-01
"243",64.3,1769-03-01
"244",96.7,1769-04-01
"245",73.6,1769-05-01
"246",94.4,1769-06-01
"247",118.6,1769-07-01
"248",120.3,1769-08-01
"249",148.8,1769-09-01
"250",158.2,1769-10-01
"251",148.1,1769-11-01
"252",112,1769-12-01
"253",104,1770-01-01
"254",142.5,1770-02-01
"255",80.1,1770-03-01
"256",51,1770-04-01
"257",70.1,1770-05-01
"258",83.3,1770-06-01
"259",109.8,1770-07-01
"260",126.3,1770-08-01
"261",104.4,1770-09-01
"262",103.6,1770-10-01
"263",132.2,1770-11-01
"264",102.3,1770-12-01
"265",36,1771-01-01
"266",46.2,1771-02-01
"267",46.7,1771-03-01
"268",64.9,1771-04-01
"269",152.7,1771-05-01
"270",119.5,1771-06-01
"271",67.7,1771-07-01
"272",58.5,1771-08-01
"273",101.4,1771-09-01
"274",90,1771-10-01
"275",99.7,1771-11-01
"276",95.7,1771-12-01
"277",100.9,1772-01-01
"278",90.8,1772-02-01
"279",31.1,1772-03-01
"280",92.2,1772-04-01
"281",38,1772-05-01
"282",57,1772-06-01
"283",77.3,1772-07-01
"284",56.2,1772-08-01
"285",50.5,1772-09-01
"286",78.6,1772-10-01
"287",61.3,1772-11-01
"288",64,1772-12-01
"289",54.6,1773-01-01
"290",29,1773-02-01
"291",51.2,1773-03-01
"292",32.9,1773-04-01
"293",41.1,1773-05-01
"294",28.4,1773-06-01
"295",27.7,1773-07-01
"296",12.7,1773-08-01
"297",29.3,1773-09-01
"298",26.3,1773-10-01
"299",40.9,1773-11-01
"300",43.2,1773-12-01
"301",46.8,1774-01-01
"302",65.4,1774-02-01
"303",55.7,1774-03-01
"304",43.8,1774-04-01
"305",51.3,1774-05-01
"306",28.5,1774-06-01
"307",17.5,1774-07-01
"308",6.6,1774-08-01
"309",7.9,1774-09-01
"310",14,1774-10-01
"311",17.7,1774-11-01
"312",12.2,1774-12-01
"313",4.4,1775-01-01
"314",0,1775-02-01
"315",11.6,1775-03-01
"316",11.2,1775-04-01
"317",3.9,1775-05-01
"318",12.3,1775-06-01
"319",1,1775-07-01
"320",7.9,1775-08-01
"321",3.2,1775-09-01
"322",5.6,1775-10-01
"323",15.1,1775-11-01
"324",7.9,1775-12-01
"325",21.7,1776-01-01
"326",11.6,1776-02-01
"327",6.3,1776-03-01
"328",21.8,1776-04-01
"329",11.2,1776-05-01
"330",19,1776-06-01
"331",1,1776-07-01
"332",24.2,1776-08-01
"333",16,1776-09-01
"334",30,1776-10-01
"335",35,1776-11-01
"336",40,1776-12-01
"337",45,1777-01-01
"338",36.5,1777-02-01
"339",39,1777-03-01
"340",95.5,1777-04-01
"341",80.3,1777-05-01
"342",80.7,1777-06-01
"343",95,1777-07-01
"344",112,1777-08-01
"345",116.2,1777-09-01
"346",106.5,1777-10-01
"347",146,1777-11-01
"348",157.3,1777-12-01
"349",177.3,1778-01-01
"350",109.3,1778-02-01
"351",134,1778-03-01
"352",145,1778-04-01
"353",238.9,1778-05-01
"354",171.6,1778-06-01
"355",153,1778-07-01
"356",140,1778-08-01
"357",171.7,1778-09-01
"358",156.3,1778-10-01
"359",150.3,1778-11-01
"360",105,1778-12-01
"361",114.7,1779-01-01
"362",165.7,1779-02-01
"363",118,1779-03-01
"364",145,1779-04-01
"365",140,1779-05-01
"366",113.7,1779-06-01
"367",143,1779-07-01
"368",112,1779-08-01
"369",111,1779-09-01
"370",124,1779-10-01
"371",114,1779-11-01
"372",110,1779-12-01
"373",70,1780-01-01
"374",98,1780-02-01
"375",98,1780-03-01
"376",95,1780-04-01
"377",107.2,1780-05-01
"378",88,1780-06-01
"379",86,1780-07-01
"380",86,1780-08-01
"381",93.7,1780-09-01
"382",77,1780-10-01
"383",60,1780-11-01
"384",58.7,1780-12-01
"385",98.7,1781-01-01
"386",74.7,1781-02-01
"387",53,1781-03-01
"388",68.3,1781-04-01
"389",104.7,1781-05-01
"390",97.7,1781-06-01
"391",73.5,1781-07-01
"392",66,1781-08-01
"393",51,1781-09-01
"394",27.3,1781-10-01
"395",67,1781-11-01
"396",35.2,1781-12-01
"397",54,1782-01-01
"398",37.5,1782-02-01
"399",37,1782-03-01
"400",41,1782-04-01
"401",54.3,1782-05-01
"402",38,1782-06-01
"403",37,1782-07-01
"404",44,1782-08-01
"405",34,1782-09-01
"406",23.2,1782-10-01
"407",31.5,1782-11-01
"408",30,1782-12-01
"409",28,1783-01-01
"410",38.7,1783-02-01
"411",26.7,1783-03-01
"412",28.3,1783-04-01
"413",23,1783-05-01
"414",25.2,1783-06-01
"415",32.2,1783-07-01
"416",20,1783-08-01
"417",18,1783-09-01
"418",8,1783-10-01
"419",15,1783-11-01
"420",10.5,1783-12-01
"421",13,1784-01-01
"422",8,1784-02-01
"423",11,1784-03-01
"424",10,1784-04-01
"425",6,1784-05-01
"426",9,1784-06-01
"427",6,1784-07-01
"428",10,1784-08-01
"429",10,1784-09-01
"430",8,1784-10-01
"431",17,1784-11-01
"432",14,1784-12-01
"433",6.5,1785-01-01
"434",8,1785-02-01
"435",9,1785-03-01
"436",15.7,1785-04-01
"437",20.7,1785-05-01
"438",26.3,1785-06-01
"439",36.3,1785-07-01
"440",20,1785-08-01
"441",32,1785-09-01
"442",47.2,1785-10-01
"443",40.2,1785-11-01
"444",27.3,1785-12-01
"445",37.2,1786-01-01
"446",47.6,1786-02-01
"447",47.7,1786-03-01
"448",85.4,1786-04-01
"449",92.3,1786-05-01
"450",59,1786-06-01
"451",83,1786-07-01
"452",89.7,1786-08-01
"453",111.5,1786-09-01
"454",112.3,1786-10-01
"455",116,1786-11-01
"456",112.7,1786-12-01
"457",134.7,1787-01-01
"458",106,1787-02-01
"459",87.4,1787-03-01
"460",127.2,1787-04-01
"461",134.8,1787-05-01
"462",99.2,1787-06-01
"463",128,1787-07-01
"464",137.2,1787-08-01
"465",157.3,1787-09-01
"466",157,1787-10-01
"467",141.5,1787-11-01
"468",174,1787-12-01
"469",138,1788-01-01
"470",129.2,1788-02-01
"471",143.3,1788-03-01
"472",108.5,1788-04-01
"473",113,1788-05-01
"474",154.2,1788-06-01
"475",141.5,1788-07-01
"476",136,1788-08-01
"477",141,1788-09-01
"478",142,1788-10-01
"479",94.7,1788-11-01
"480",129.5,1788-12-01
"481",114,1789-01-01
"482",125.3,1789-02-01
"483",120,1789-03-01
"484",123.3,1789-04-01
"485",123.5,1789-05-01
"486",120,1789-06-01
"487",117,1789-07-01
"488",103,1789-08-01
"489",112,1789-09-01
"490",89.7,1789-10-01
"491",134,1789-11-01
"492",135.5,1789-12-01
"493",103,1790-01-01
"494",127.5,1790-02-01
"495",96.3,1790-03-01
"496",94,1790-04-01
"497",93,1790-05-01
"498",91,1790-06-01
"499",69.3,1790-07-01
"500",87,1790-08-01
"501",77.3,1790-09-01
"502",84.3,1790-10-01
"503",82,1790-11-01
"504",74,1790-12-01
"505",72.7,1791-01-01
"506",62,1791-02-01
"507",74,1791-03-01
"508",77.2,1791-04-01
"509",73.7,1791-05-01
"510",64.2,1791-06-01
"511",71,1791-07-01
"512",43,1791-08-01
"513",66.5,1791-09-01
"514",61.7,1791-10-01
"515",67,1791-11-01
"516",66,1791-12-01
"517",58,1792-01-01
"518",64,1792-02-01
"519",63,1792-03-01
"520",75.7,1792-04-01
"521",62,1792-05-01
"522",61,1792-06-01
"523",45.8,1792-07-01
"524",60,1792-08-01
"525",59,1792-09-01
"526",59,1792-10-01
"527",57,1792-11-01
"528",56,1792-12-01
"529",56,1793-01-01
"530",55,1793-02-01
"531",55.5,1793-03-01
"532",53,1793-04-01
"533",52.3,1793-05-01
"534",51,1793-06-01
"535",50,1793-07-01
"536",29.3,1793-08-01
"537",24,1793-09-01
"538",47,1793-10-01
"539",44,1793-11-01
"540",45.7,1793-12-01
"541",45,1794-01-01
"542",44,1794-02-01
"543",38,1794-03-01
"544",28.4,1794-04-01
"545",55.7,1794-05-01
"546",41.5,1794-06-01
"547",41,1794-07-01
"548",40,1794-08-01
"549",11.1,1794-09-01
"550",28.5,1794-10-01
"551",67.4,1794-11-01
"552",51.4,1794-12-01
"553",21.4,1795-01-01
"554",39.9,1795-02-01
"555",12.6,1795-03-01
"556",18.6,1795-04-01
"557",31,1795-05-01
"558",17.1,1795-06-01
"559",12.9,1795-07-01
"560",25.7,1795-08-01
"561",13.5,1795-09-01
"562",19.5,1795-10-01
"563",25,1795-11-01
"564",18,1795-12-01
"565",22,1796-01-01
"566",23.8,1796-02-01
"567",15.7,1796-03-01
"568",31.7,1796-04-01
"569",21,1796-05-01
"570",6.7,1796-06-01
"571",26.9,1796-07-01
"572",1.5,1796-08-01
"573",18.4,1796-09-01
"574",11,1796-10-01
"575",8.4,1796-11-01
"576",5.1,1796-12-01
"577",14.4,1797-01-01
"578",4.2,1797-02-01
"579",4,1797-03-01
"580",4,1797-04-01
"581",7.3,1797-05-01
"582",11.1,1797-06-01
"583",4.3,1797-07-01
"584",6,1797-08-01
"585",5.7,1797-09-01
"586",6.9,1797-10-01
"587",5.8,1797-11-01
"588",3,1797-12-01
"589",2,1798-01-01
"590",4,1798-02-01
"591",12.4,1798-03-01
"592",1.1,1798-04-01
"593",0,1798-05-01
"594",0,1798-06-01
"595",0,1798-07-01
"596",3,1798-08-01
"597",2.4,1798-09-01
"598",1.5,1798-10-01
"599",12.5,1798-11-01
"600",9.9,1798-12-01
"601",1.6,1799-01-01
"602",12.6,1799-02-01
"603",21.7,1799-03-01
"604",8.4,1799-04-01
"605",8.2,1799-05-01
"606",10.6,1799-06-01
"607",2.1,1799-07-01
"608",0,1799-08-01
"609",0,1799-09-01
"610",4.6,1799-10-01
"611",2.7,1799-11-01
"612",8.6,1799-12-01
"613",6.9,1800-01-01
"614",9.3,1800-02-01
"615",13.9,1800-03-01
"616",0,1800-04-01
"617",5,1800-05-01
"618",23.7,1800-06-01
"619",21,1800-07-01
"620",19.5,1800-08-01
"621",11.5,1800-09-01
"622",12.3,1800-10-01
"623",10.5,1800-11-01
"624",40.1,1800-12-01
"625",27,1801-01-01
"626",29,1801-02-01
"627",30,1801-03-01
"628",31,1801-04-01
"629",32,1801-05-01
"630",31.2,1801-06-01
"631",35,1801-07-01
"632",38.7,1801-08-01
"633",33.5,1801-09-01
"634",32.6,1801-10-01
"635",39.8,1801-11-01
"636",48.2,1801-12-01
"637",47.8,1802-01-01
"638",47,1802-02-01
"639",40.8,1802-03-01
"640",42,1802-04-01
"641",44,1802-05-01
"642",46,1802-06-01
"643",48,1802-07-01
"644",50,1802-08-01
"645",51.8,1802-09-01
"646",38.5,1802-10-01
"647",34.5,1802-11-01
"648",50,1802-12-01
"649",50,1803-01-01
"650",50.8,1803-02-01
"651",29.5,1803-03-01
"652",25,1803-04-01
"653",44.3,1803-05-01
"654",36,1803-06-01
"655",48.3,1803-07-01
"656",34.1,1803-08-01
"657",45.3,1803-09-01
"658",54.3,1803-10-01
"659",51,1803-11-01
"660",48,1803-12-01
"661",45.3,1804-01-01
"662",48.3,1804-02-01
"663",48,1804-03-01
"664",50.6,1804-04-01
"665",33.4,1804-05-01
"666",34.8,1804-06-01
"667",29.8,1804-07-01
"668",43.1,1804-08-01
"669",53,1804-09-01
"670",62.3,1804-10-01
"671",61,1804-11-01
"672",60,1804-12-01
"673",61,1805-01-01
"674",44.1,1805-02-01
"675",51.4,1805-03-01
"676",37.5,1805-04-01
"677",39,1805-05-01
"678",40.5,1805-06-01
"679",37.6,1805-07-01
"680",42.7,1805-08-01
"681",44.4,1805-09-01
"682",29.4,1805-10-01
"683",41,1805-11-01
"684",38.3,1805-12-01
"685",39,1806-01-01
"686",29.6,1806-02-01
"687",32.7,1806-03-01
"688",27.7,1806-04-01
"689",26.4,1806-05-01
"690",25.6,1806-06-01
"691",30,1806-07-01
"692",26.3,1806-08-01
"693",24,1806-09-01
"694",27,1806-10-01
"695",25,1806-11-01
"696",24,1806-12-01
"697",12,1807-01-01
"698",12.2,1807-02-01
"699",9.6,1807-03-01
"700",23.8,1807-04-01
"701",10,1807-05-01
"702",12,1807-06-01
"703",12.7,1807-07-01
"704",12,1807-08-01
"705",5.7,1807-09-01
"706",8,1807-10-01
"707",2.6,1807-11-01
"708",0,1807-12-01
"709",0,1808-01-01
"710",4.5,1808-02-01
"711",0,1808-03-01
"712",12.3,1808-04-01
"713",13.5,1808-05-01
"714",13.5,1808-06-01
"715",6.7,1808-07-01
"716",8,1808-08-01
"717",11.7,1808-09-01
"718",4.7,1808-10-01
"719",10.5,1808-11-01
"720",12.3,1808-12-01
"721",7.2,1809-01-01
"722",9.2,1809-02-01
"723",0.9,1809-03-01
"724",2.5,1809-04-01
"725",2,1809-05-01
"726",7.7,1809-06-01
"727",0.3,1809-07-01
"728",0.2,1809-08-01
"729",0.4,1809-09-01
"730",0,1809-10-01
"731",0,1809-11-01
"732",0,1809-12-01
"733",0,1810-01-01
"734",0,1810-02-01
"735",0,1810-03-01
"736",0,1810-04-01
"737",0,1810-05-01
"738",0,1810-06-01
"739",0,1810-07-01
"740",0,1810-08-01
"741",0,1810-09-01
"742",0,1810-10-01
"743",0,1810-11-01
"744",0,1810-12-01
"745",0,1811-01-01
"746",0,1811-02-01
"747",0,1811-03-01
"748",0,1811-04-01
"749",0,1811-05-01
"750",0,1811-06-01
"751",6.6,1811-07-01
"752",0,1811-08-01
"753",2.4,1811-09-01
"754",6.1,1811-10-01
"755",0.8,1811-11-01
"756",1.1,1811-12-01
"757",11.3,1812-01-01
"758",1.9,1812-02-01
"759",0.7,1812-03-01
"760",0,1812-04-01
"761",1,1812-05-01
"762",1.3,1812-06-01
"763",0.5,1812-07-01
"764",15.6,1812-08-01
"765",5.2,1812-09-01
"766",3.9,1812-10-01
"767",7.9,1812-11-01
"768",10.1,1812-12-01
"769",0,1813-01-01
"770",10.3,1813-02-01
"771",1.9,1813-03-01
"772",16.6,1813-04-01
"773",5.5,1813-05-01
"774",11.2,1813-06-01
"775",18.3,1813-07-01
"776",8.4,1813-08-01
"777",15.3,1813-09-01
"778",27.8,1813-10-01
"779",16.7,1813-11-01
"780",14.3,1813-12-01
"781",22.2,1814-01-01
"782",12,1814-02-01
"783",5.7,1814-03-01
"784",23.8,1814-04-01
"785",5.8,1814-05-01
"786",14.9,1814-06-01
"787",18.5,1814-07-01
"788",2.3,1814-08-01
"789",8.1,1814-09-01
"790",19.3,1814-10-01
"791",14.5,1814-11-01
"792",20.1,1814-12-01
"793",19.2,1815-01-01
"794",32.2,1815-02-01
"795",26.2,1815-03-01
"796",31.6,1815-04-01
"797",9.8,1815-05-01
"798",55.9,1815-06-01
"799",35.5,1815-07-01
"800",47.2,1815-08-01
"801",31.5,1815-09-01
"802",33.5,1815-10-01
"803",37.2,1815-11-01
"804",65,1815-12-01
"805",26.3,1816-01-01
"806",68.8,1816-02-01
"807",73.7,1816-03-01
"808",58.8,1816-04-01
"809",44.3,1816-05-01
"810",43.6,1816-06-01
"811",38.8,1816-07-01
"812",23.2,1816-08-01
"813",47.8,1816-09-01
"814",56.4,1816-10-01
"815",38.1,1816-11-01
"816",29.9,1816-12-01
"817",36.4,1817-01-01
"818",57.9,1817-02-01
"819",96.2,1817-03-01
"820",26.4,1817-04-01
"821",21.2,1817-05-01
"822",40,1817-06-01
"823",50,1817-07-01
"824",45,1817-08-01
"825",36.7,1817-09-01
"826",25.6,1817-10-01
"827",28.9,1817-11-01
"828",28.4,1817-12-01
"829",34.9,1818-01-01
"830",22.4,1818-02-01
"831",25.4,1818-03-01
"832",34.5,1818-04-01
"833",53.1,1818-05-01
"834",36.4,1818-06-01
"835",28,1818-07-01
"836",31.5,1818-08-01
"837",26.1,1818-09-01
"838",31.6,1818-10-01
"839",10.9,1818-11-01
"840",25.8,1818-12-01
"841",32.8,1819-01-01
"842",20.7,1819-02-01
"843",3.7,1819-03-01
"844",20.2,1819-04-01
"845",19.6,1819-05-01
"846",35,1819-06-01
"847",31.4,1819-07-01
"848",26.1,1819-08-01
"849",14.9,1819-09-01
"850",27.5,1819-10-01
"851",25.1,1819-11-01
"852",30.6,1819-12-01
"853",19.2,1820-01-01
"854",26.6,1820-02-01
"855",4.5,1820-03-01
"856",19.4,1820-04-01
"857",29.3,1820-05-01
"858",10.8,1820-06-01
"859",20.6,1820-07-01
"860",25.9,1820-08-01
"861",5.2,1820-09-01
"862",8.9,1820-10-01
"863",7.9,1820-11-01
"864",9.1,1820-12-01
"865",21.5,1821-01-01
"866",4.2,1821-02-01
"867",5.7,1821-03-01
"868",9.2,1821-04-01
"869",1.7,1821-05-01
"870",1.8,1821-06-01
"871",2.5,1821-07-01
"872",4.8,1821-08-01
"873",4.4,1821-09-01
"874",18.8,1821-10-01
"875",4.4,1821-11-01
"876",0.2,1821-12-01
"877",0,1822-01-01
"878",0.9,1822-02-01
"879",16.1,1822-03-01
"880",13.5,1822-04-01
"881",1.5,1822-05-01
"882",5.6,1822-06-01
"883",7.9,1822-07-01
"884",2.1,1822-08-01
"885",0,1822-09-01
"886",0.4,1822-10-01
"887",0,1822-11-01
"888",0,1822-12-01
"889",0,1823-01-01
"890",0,1823-02-01
"891",0.6,1823-03-01
"892",0,1823-04-01
"893",0,1823-05-01
"894",0,1823-06-01
"895",0.5,1823-07-01
"896",0,1823-08-01
"897",0,1823-09-01
"898",0,1823-10-01
"899",0,1823-11-01
"900",20.4,1823-12-01
"901",21.7,1824-01-01
"902",10.8,1824-02-01
"903",0,1824-03-01
"904",19.4,1824-04-01
"905",2.8,1824-05-01
"906",0,1824-06-01
"907",0,1824-07-01
"908",1.4,1824-08-01
"909",20.5,1824-09-01
"910",25.2,1824-10-01
"911",0,1824-11-01
"912",0.8,1824-12-01
"913",5,1825-01-01
"914",15.5,1825-02-01
"915",22.4,1825-03-01
"916",3.8,1825-04-01
"917",15.5,1825-05-01
"918",15.4,1825-06-01
"919",30.9,1825-07-01
"920",25.7,1825-08-01
"921",15.7,1825-09-01
"922",15.6,1825-10-01
"923",11.7,1825-11-01
"924",22,1825-12-01
"925",17.7,1826-01-01
"926",18.2,1826-02-01
"927",36.7,1826-03-01
"928",24,1826-04-01
"929",32.4,1826-05-01
"930",37.1,1826-06-01
"931",52.5,1826-07-01
"932",39.6,1826-08-01
"933",18.9,1826-09-01
"934",50.6,1826-10-01
"935",39.5,1826-11-01
"936",68.1,1826-12-01
"937",34.6,1827-01-01
"938",47.4,1827-02-01
"939",57.8,1827-03-01
"940",46,1827-04-01
"941",56.3,1827-05-01
"942",56.7,1827-06-01
"943",42.3,1827-07-01
"944",53.7,1827-08-01
"945",49.6,1827-09-01
"946",56.1,1827-10-01
"947",48.2,1827-11-01
"948",46.1,1827-12-01
"949",52.8,1828-01-01
"950",64.4,1828-02-01
"951",65,1828-03-01
"952",61.1,1828-04-01
"953",89.1,1828-05-01
"954",98,1828-06-01
"955",54.2,1828-07-01
"956",76.4,1828-08-01
"957",50.4,1828-09-01
"958",54.7,1828-10-01
"959",57,1828-11-01
"960",46.9,1828-12-01
"961",43,1829-01-01
"962",49.4,1829-02-01
"963",72.3,1829-03-01
"964",95,1829-04-01
"965",67.4,1829-05-01
"966",73.9,1829-06-01
"967",90.8,1829-07-01
"968",77.6,1829-08-01
"969",52.8,1829-09-01
"970",57.2,1829-10-01
"971",67.6,1829-11-01
"972",56.5,1829-12-01
"973",52.2,1830-01-01
"974",72.1,1830-02-01
"975",84.6,1830-03-01
"976",106.3,1830-04-01
"977",66.3,1830-05-01
"978",65.1,1830-06-01
"979",43.9,1830-07-01
"980",50.7,1830-08-01
"981",62.1,1830-09-01
"982",84.4,1830-10-01
"983",81.2,1830-11-01
"984",82.1,1830-12-01
"985",47.5,1831-01-01
"986",50.1,1831-02-01
"987",93.4,1831-03-01
"988",54.5,1831-04-01
"989",38.1,1831-05-01
"990",33.4,1831-06-01
"991",45.2,1831-07-01
"992",55,1831-08-01
"993",37.9,1831-09-01
"994",46.3,1831-10-01
"995",43.5,1831-11-01
"996",28.9,1831-12-01
"997",30.9,1832-01-01
"998",55.6,1832-02-01
"999",55.1,1832-03-01
"1000",26.9,1832-04-01
"1001",41.3,1832-05-01
"1002",26.7,1832-06-01
"1003",14,1832-07-01
"1004",8.9,1832-08-01
"1005",8.2,1832-09-01
"1006",21.1,1832-10-01
"1007",14.3,1832-11-01
"1008",27.5,1832-12-01
"1009",11.3,1833-01-01
"1010",14.9,1833-02-01
"1011",11.8,1833-03-01
"1012",2.8,1833-04-01
"1013",12.9,1833-05-01
"1014",1,1833-06-01
"1015",7,1833-07-01
"1016",5.7,1833-08-01
"1017",11.6,1833-09-01
"1018",7.5,1833-10-01
"1019",5.9,1833-11-01
"1020",9.9,1833-12-01
"1021",4.9,1834-01-01
"1022",18.1,1834-02-01
"1023",3.9,1834-03-01
"1024",1.4,1834-04-01
"1025",8.8,1834-05-01
"1026",7.8,1834-06-01
"1027",8.7,1834-07-01
"1028",4,1834-08-01
"1029",11.5,1834-09-01
"1030",24.8,1834-10-01
"1031",30.5,1834-11-01
"1032",34.5,1834-12-01
"1033",7.5,1835-01-01
"1034",24.5,1835-02-01
"1035",19.7,1835-03-01
"1036",61.5,1835-04-01
"1037",43.6,1835-05-01
"1038",33.2,1835-06-01
"1039",59.8,1835-07-01
"1040",59,1835-08-01
"1041",100.8,1835-09-01
"1042",95.2,1835-10-01
"1043",100,1835-11-01
"1044",77.5,1835-12-01
"1045",88.6,1836-01-01
"1046",107.6,1836-02-01
"1047",98.2,1836-03-01
"1048",142.9,1836-04-01
"1049",111.4,1836-05-01
"1050",124.7,1836-06-01
"1051",116.7,1836-07-01
"1052",107.8,1836-08-01
"1053",95.1,1836-09-01
"1054",137.4,1836-10-01
"1055",120.9,1836-11-01
"1056",206.2,1836-12-01
"1057",188,1837-01-01
"1058",175.6,1837-02-01
"1059",134.6,1837-03-01
"1060",138.2,1837-04-01
"1061",111.7,1837-05-01
"1062",158,1837-06-01
"1063",162.8,1837-07-01
"1064",134,1837-08-01
"1065",96.3,1837-09-01
"1066",123.7,1837-10-01
"1067",107,1837-11-01
"1068",129.8,1837-12-01
"1069",144.9,1838-01-01
"1070",84.8,1838-02-01
"1071",140.8,1838-03-01
"1072",126.6,1838-04-01
"1073",137.6,1838-05-01
"1074",94.5,1838-06-01
"1075",108.2,1838-07-01
"1076",78.8,1838-08-01
"1077",73.6,1838-09-01
"1078",90.8,1838-10-01
"1079",77.4,1838-11-01
"1080",79.8,1838-12-01
"1081",105.6,1839-01-01
"1082",102.5,1839-02-01
"1083",77.7,1839-03-01
"1084",61.8,1839-04-01
"1085",53.8,1839-05-01
"1086",54.6,1839-06-01
"1087",84.8,1839-07-01
"1088",131.2,1839-08-01
"1089",132.7,1839-09-01
"1090",90.9,1839-10-01
"1091",68.8,1839-11-01
"1092",63.7,1839-12-01
"1093",81.2,1840-01-01
"1094",87.7,1840-02-01
"1095",67.8,1840-03-01
"1096",65.9,1840-04-01
"1097",69.2,1840-05-01
"1098",48.5,1840-06-01
"1099",60.7,1840-07-01
"1100",57.8,1840-08-01
"1101",74,1840-09-01
"1102",55,1840-10-01
"1103",54.3,1840-11-01
"1104",53.7,1840-12-01
"1105",24.1,1841-01-01
"1106",29.9,1841-02-01
"1107",29.7,1841-03-01
"1108",40.2,1841-04-01
"1109",67.5,1841-05-01
"1110",55.7,1841-06-01
"1111",30.8,1841-07-01
"1112",39.3,1841-08-01
"1113",36.5,1841-09-01
"1114",28.5,1841-10-01
"1115",19.8,1841-11-01
"1116",38.8,1841-12-01
"1117",20.4,1842-01-01
"1118",22.1,1842-02-01
"1119",21.7,1842-03-01
"1120",26.9,1842-04-01
"1121",24.9,1842-05-01
"1122",20.5,1842-06-01
"1123",12.6,1842-07-01
"1124",26.6,1842-08-01
"1125",18.4,1842-09-01
"1126",38.1,1842-10-01
"1127",40.5,1842-11-01
"1128",17.6,1842-12-01
"1129",13.3,1843-01-01
"1130",3.5,1843-02-01
"1131",8.3,1843-03-01
"1132",9.5,1843-04-01
"1133",21.1,1843-05-01
"1134",10.5,1843-06-01
"1135",9.5,1843-07-01
"1136",11.8,1843-08-01
"1137",4.2,1843-09-01
"1138",5.3,1843-10-01
"1139",19.1,1843-11-01
"1140",12.7,1843-12-01
"1141",9.4,1844-01-01
"1142",14.7,1844-02-01
"1143",13.6,1844-03-01
"1144",20.8,1844-04-01
"1145",11.6,1844-05-01
"1146",3.7,1844-06-01
"1147",21.2,1844-07-01
"1148",23.9,1844-08-01
"1149",7,1844-09-01
"1150",21.5,1844-10-01
"1151",10.7,1844-11-01
"1152",21.6,1844-12-01
"1153",25.7,1845-01-01
"1154",43.6,1845-02-01
"1155",43.3,1845-03-01
"1156",57,1845-04-01
"1157",47.8,1845-05-01
"1158",31.1,1845-06-01
"1159",30.6,1845-07-01
"1160",32.3,1845-08-01
"1161",29.6,1845-09-01
"1162",40.7,1845-10-01
"1163",39.4,1845-11-01
"1164",59.7,1845-12-01
"1165",38.7,1846-01-01
"1166",51,1846-02-01
"1167",63.9,1846-03-01
"1168",69.3,1846-04-01
"1169",59.9,1846-05-01
"1170",65.1,1846-06-01
"1171",46.5,1846-07-01
"1172",54.8,1846-08-01
"1173",107.1,1846-09-01
"1174",55.9,1846-10-01
"1175",60.4,1846-11-01
"1176",65.5,1846-12-01
"1177",62.6,1847-01-01
"1178",44.9,1847-02-01
"1179",85.7,1847-03-01
"1180",44.7,1847-04-01
"1181",75.4,1847-05-01
"1182",85.3,1847-06-01
"1183",52.2,1847-07-01
"1184",140.6,1847-08-01
"1185",160.9,1847-09-01
"1186",180.4,1847-10-01
"1187",138.9,1847-11-01
"1188",109.6,1847-12-01
"1189",159.1,1848-01-01
"1190",111.8,1848-02-01
"1191",108.6,1848-03-01
"1192",107.1,1848-04-01
"1193",102.2,1848-05-01
"1194",129,1848-06-01
"1195",139.2,1848-07-01
"1196",132.6,1848-08-01
"1197",100.3,1848-09-01
"1198",132.4,1848-10-01
"1199",114.6,1848-11-01
"1200",159.5,1848-12-01
"1201",157,1849-01-01
"1202",131.8,1849-02-01
"1203",96.2,1849-03-01
"1204",102.5,1849-04-01
"1205",80.6,1849-05-01
"1206",81.1,1849-06-01
"1207",78,1849-07-01
"1208",67.7,1849-08-01
"1209",93.7,1849-09-01
"1210",71.5,1849-10-01
"1211",99,1849-11-01
"1212",97,1849-12-01
"1213",78,1850-01-01
"1214",89.4,1850-02-01
"1215",82.6,1850-03-01
"1216",44.1,1850-04-01
"1217",61.6,1850-05-01
"1218",70,1850-06-01
"1219",39.1,1850-07-01
"1220",61.6,1850-08-01
"1221",86.2,1850-09-01
"1222",71,1850-10-01
"1223",54.8,1850-11-01
"1224",61,1850-12-01
"1225",75.5,1851-01-01
"1226",105.4,1851-02-01
"1227",64.6,1851-03-01
"1228",56.5,1851-04-01
"1229",62.6,1851-05-01
"1230",63.2,1851-06-01
"1231",36.1,1851-07-01
"1232",57.4,1851-08-01
"1233",67.9,1851-09-01
"1234",62.5,1851-10-01
"1235",51,1851-11-01
"1236",71.4,1851-12-01
"1237",68.4,1852-01-01
"1238",66.4,1852-02-01
"1239",61.2,1852-03-01
"1240",65.4,1852-04-01
"1241",54.9,1852-05-01
"1242",46.9,1852-06-01
"1243",42.1,1852-07-01
"1244",39.7,1852-08-01
"1245",37.5,1852-09-01
"1246",67.3,1852-10-01
"1247",54.3,1852-11-01
"1248",45.4,1852-12-01
"1249",41.1,1853-01-01
"1250",42.9,1853-02-01
"1251",37.7,1853-03-01
"1252",47.6,1853-04-01
"1253",34.7,1853-05-01
"1254",40,1853-06-01
"1255",45.9,1853-07-01
"1256",50.5,1853-08-01
"1257",33.5,1853-09-01
"1258",42.4,1853-10-01
"1259",28.8,1853-11-01
"1260",23.4,1853-12-01
"1261",15.4,1854-01-01
"1262",20,1854-02-01
"1263",20.7,1854-03-01
"1264",26.5,1854-04-01
"1265",24,1854-05-01
"1266",21.1,1854-06-01
"1267",18.7,1854-07-01
"1268",15.8,1854-08-01
"1269",22.4,1854-09-01
"1270",12.6,1854-10-01
"1271",28.2,1854-11-01
"1272",21.6,1854-12-01
"1273",12.3,1855-01-01
"1274",11.4,1855-02-01
"1275",17.4,1855-03-01
"1276",4.4,1855-04-01
"1277",9.1,1855-05-01
"1278",5.3,1855-06-01
"1279",0.4,1855-07-01
"1280",3.1,1855-08-01
"1281",0,1855-09-01
"1282",9.6,1855-10-01
"1283",4.2,1855-11-01
"1284",3.1,1855-12-01
"1285",0.5,1856-01-01
"1286",4.9,1856-02-01
"1287",0.4,1856-03-01
"1288",6.5,1856-04-01
"1289",0,1856-05-01
"1290",5.2,1856-06-01
"1291",4.6,1856-07-01
"1292",5.9,1856-08-01
"1293",4.4,1856-09-01
"1294",4.5,1856-10-01
"1295",7.7,1856-11-01
"1296",7.2,1856-12-01
"1297",13.7,1857-01-01
"1298",7.4,1857-02-01
"1299",5.2,1857-03-01
"1300",11.1,1857-04-01
"1301",28.5,1857-05-01
"1302",16,1857-06-01
"1303",22.2,1857-07-01
"1304",16.9,1857-08-01
"1305",42.4,1857-09-01
"1306",40.6,1857-10-01
"1307",31.4,1857-11-01
"1308",37.2,1857-12-01
"1309",39,1858-01-01
"1310",34.9,1858-02-01
"1311",57.5,1858-03-01
"1312",38.3,1858-04-01
"1313",41.4,1858-05-01
"1314",44.5,1858-06-01
"1315",56.7,1858-07-01
"1316",55.3,1858-08-01
"1317",80.1,1858-09-01
"1318",91.2,1858-10-01
"1319",51.9,1858-11-01
"1320",66.9,1858-12-01
"1321",83.7,1859-01-01
"1322",87.6,1859-02-01
"1323",90.3,1859-03-01
"1324",85.7,1859-04-01
"1325",91,1859-05-01
"1326",87.1,1859-06-01
"1327",95.2,1859-07-01
"1328",106.8,1859-08-01
"1329",105.8,1859-09-01
"1330",114.6,1859-10-01
"1331",97.2,1859-11-01
"1332",81,1859-12-01
"1333",82.4,1860-01-01
"1334",88.3,1860-02-01
"1335",98.9,1860-03-01
"1336",71.4,1860-04-01
"1337",107.1,1860-05-01
"1338",108.6,1860-06-01
"1339",116.7,1860-07-01
"1340",100.3,1860-08-01
"1341",92.2,1860-09-01
"1342",90.1,1860-10-01
"1343",97.9,1860-11-01
"1344",95.6,1860-12-01
"1345",62.3,1861-01-01
"1346",77.7,1861-02-01
"1347",101,1861-03-01
"1348",98.5,1861-04-01
"1349",56.8,1861-05-01
"1350",88.1,1861-06-01
"1351",78,1861-07-01
"1352",82.5,1861-08-01
"1353",79.9,1861-09-01
"1354",67.2,1861-10-01
"1355",53.7,1861-11-01
"1356",80.5,1861-12-01
"1357",63.1,1862-01-01
"1358",64.5,1862-02-01
"1359",43.6,1862-03-01
"1360",53.7,1862-04-01
"1361",64.4,1862-05-01
"1362",84,1862-06-01
"1363",73.4,1862-07-01
"1364",62.5,1862-08-01
"1365",66.6,1862-09-01
"1366",41.9,1862-10-01
"1367",50.6,1862-11-01
"1368",40.9,1862-12-01
"1369",48.3,1863-01-01
"1370",56.7,1863-02-01
"1371",66.4,1863-03-01
"1372",40.6,1863-04-01
"1373",53.8,1863-05-01
"1374",40.8,1863-06-01
"1375",32.7,1863-07-01
"1376",48.1,1863-08-01
"1377",22,1863-09-01
"1378",39.9,1863-10-01
"1379",37.7,1863-11-01
"1380",41.2,1863-12-01
"1381",57.7,1864-01-01
"1382",47.1,1864-02-01
"1383",66.3,1864-03-01
"1384",35.8,1864-04-01
"1385",40.6,1864-05-01
"1386",57.8,1864-06-01
"1387",54.7,1864-07-01
"1388",54.8,1864-08-01
"1389",28.5,1864-09-01
"1390",33.9,1864-10-01
"1391",57.6,1864-11-01
"1392",28.6,1864-12-01
"1393",48.7,1865-01-01
"1394",39.3,1865-02-01
"1395",39.5,1865-03-01
"1396",29.4,1865-04-01
"1397",34.5,1865-05-01
"1398",33.6,1865-06-01
"1399",26.8,1865-07-01
"1400",37.8,1865-08-01
"1401",21.6,1865-09-01
"1402",17.1,1865-10-01
"1403",24.6,1865-11-01
"1404",12.8,1865-12-01
"1405",31.6,1866-01-01
"1406",38.4,1866-02-01
"1407",24.5,1866-03-01
"1408",17.6,1866-04-01
"1409",12.9,1866-05-01
"1410",16.5,1866-06-01
"1411",9.3,1866-07-01
"1412",12.7,1866-08-01
"1413",7.3,1866-09-01
"1414",14.1,1866-10-01
"1415",9,1866-11-01
"1416",1.5,1866-12-01
"1417",0,1867-01-01
"1418",0.7,1867-02-01
"1419",9.2,1867-03-01
"1420",5.1,1867-04-01
"1421",2.9,1867-05-01
"1422",1.5,1867-06-01
"1423",5,1867-07-01
"1424",4.8,1867-08-01
"1425",9.8,1867-09-01
"1426",13.5,1867-10-01
"1427",9.6,1867-11-01
"1428",25.2,1867-12-01
"1429",15.5,1868-01-01
"1430",15.7,1868-02-01
"1431",26.5,1868-03-01
"1432",36.6,1868-04-01
"1433",26.7,1868-05-01
"1434",31.1,1868-06-01
"1435",29,1868-07-01
"1436",34.4,1868-08-01
"1437",47.2,1868-09-01
"1438",61.6,1868-10-01
"1439",59.1,1868-11-01
"1440",67.6,1868-12-01
"1441",60.9,1869-01-01
"1442",59.9,1869-02-01
"1443",52.7,1869-03-01
"1444",41,1869-04-01
"1445",103.9,1869-05-01
"1446",108.4,1869-06-01
"1447",59.2,1869-07-01
"1448",79.6,1869-08-01
"1449",80.6,1869-09-01
"1450",59.3,1869-10-01
"1451",78.1,1869-11-01
"1452",104.4,1869-12-01
"1453",77.3,1870-01-01
"1454",114.9,1870-02-01
"1455",157.5,1870-03-01
"1456",160,1870-04-01
"1457",176,1870-05-01
"1458",135.6,1870-06-01
"1459",132.4,1870-07-01
"1460",153.8,1870-08-01
"1461",136,1870-09-01
"1462",146.4,1870-10-01
"1463",147.5,1870-11-01
"1464",130,1870-12-01
"1465",88.3,1871-01-01
"1466",125.3,1871-02-01
"1467",143.2,1871-03-01
"1468",162.4,1871-04-01
"1469",145.5,1871-05-01
"1470",91.7,1871-06-01
"1471",103,1871-07-01
"1472",110.1,1871-08-01
"1473",80.3,1871-09-01
"1474",89,1871-10-01
"1475",105.4,1871-11-01
"1476",90.4,1871-12-01
"1477",79.5,1872-01-01
"1478",120.1,1872-02-01
"1479",88.4,1872-03-01
"1480",102.1,1872-04-01
"1481",107.6,1872-05-01
"1482",109.9,1872-06-01
"1483",105.5,1872-07-01
"1484",92.9,1872-08-01
"1485",114.6,1872-09-01
"1486",102.6,1872-10-01
"1487",112,1872-11-01
"1488",83.9,1872-12-01
"1489",86.7,1873-01-01
"1490",107,1873-02-01
"1491",98.3,1873-03-01
"1492",76.2,1873-04-01
"1493",47.9,1873-05-01
"1494",44.8,1873-06-01
"1495",66.9,1873-07-01
"1496",68.2,1873-08-01
"1497",47.1,1873-09-01
"1498",47.1,1873-10-01
"1499",55.4,1873-11-01
"1500",49.2,1873-12-01
"1501",60.8,1874-01-01
"1502",64.2,1874-02-01
"1503",46.4,1874-03-01
"1504",32,1874-04-01
"1505",44.6,1874-05-01
"1506",38.2,1874-06-01
"1507",67.8,1874-07-01
"1508",61.3,1874-08-01
"1509",28,1874-09-01
"1510",34.3,1874-10-01
"1511",28.9,1874-11-01
"1512",29.3,1874-12-01
"1513",14.6,1875-01-01
"1514",21.5,1875-02-01
"1515",33.8,1875-03-01
"1516",29.1,1875-04-01
"1517",11.5,1875-05-01
"1518",23.9,1875-06-01
"1519",12.5,1875-07-01
"1520",14.6,1875-08-01
"1521",2.4,1875-09-01
"1522",12.7,1875-10-01
"1523",17.7,1875-11-01
"1524",9.9,1875-12-01
"1525",14.3,1876-01-01
"1526",15,1876-02-01
"1527",30.6,1876-03-01
"1528",2.3,1876-04-01
"1529",5.1,1876-05-01
"1530",1.6,1876-06-01
"1531",15.2,1876-07-01
"1532",8.8,1876-08-01
"1533",9.9,1876-09-01
"1534",14.3,1876-10-01
"1535",9.9,1876-11-01
"1536",8.2,1876-12-01
"1537",24.4,1877-01-01
"1538",8.7,1877-02-01
"1539",11.9,1877-03-01
"1540",15.8,1877-04-01
"1541",21.6,1877-05-01
"1542",14.2,1877-06-01
"1543",6,1877-07-01
"1544",6.3,1877-08-01
"1545",16.9,1877-09-01
"1546",6.7,1877-10-01
"1547",14.2,1877-11-01
"1548",2.2,1877-12-01
"1549",3.3,1878-01-01
"1550",6.6,1878-02-01
"1551",7.8,1878-03-01
"1552",0.1,1878-04-01
"1553",5.9,1878-05-01
"1554",6.4,1878-06-01
"1555",0.1,1878-07-01
"1556",0,1878-08-01
"1557",5.3,1878-09-01
"1558",1.1,1878-10-01
"1559",4.1,1878-11-01
"1560",0.5,1878-12-01
"1561",1,1879-01-01
"1562",0.6,1879-02-01
"1563",0,1879-03-01
"1564",6.2,1879-04-01
"1565",2.4,1879-05-01
"1566",4.8,1879-06-01
"1567",7.5,1879-07-01
"1568",10.7,1879-08-01
"1569",6.1,1879-09-01
"1570",12.3,1879-10-01
"1571",13.1,1879-11-01
"1572",7.3,1879-12-01
"1573",24,1880-01-01
"1574",27.2,1880-02-01
"1575",19.3,1880-03-01
"1576",19.5,1880-04-01
"1577",23.5,1880-05-01
"1578",34.1,1880-06-01
"1579",21.9,1880-07-01
"1580",48.1,1880-08-01
"1581",66,1880-09-01
"1582",43,1880-10-01
"1583",30.7,1880-11-01
"1584",29.6,1880-12-01
"1585",36.4,1881-01-01
"1586",53.2,1881-02-01
"1587",51.5,1881-03-01
"1588",51.6,1881-04-01
"1589",43.5,1881-05-01
"1590",60.5,1881-06-01
"1591",76.9,1881-07-01
"1592",58.4,1881-08-01
"1593",53.2,1881-09-01
"1594",64.4,1881-10-01
"1595",54.8,1881-11-01
"1596",47.3,1881-12-01
"1597",45,1882-01-01
"1598",69.5,1882-02-01
"1599",66.8,1882-03-01
"1600",95.8,1882-04-01
"1601",64.1,1882-05-01
"1602",45.2,1882-06-01
"1603",45.4,1882-07-01
"1604",40.4,1882-08-01
"1605",57.7,1882-09-01
"1606",59.2,1882-10-01
"1607",84.4,1882-11-01
"1608",41.8,1882-12-01
"1609",60.6,1883-01-01
"1610",46.9,1883-02-01
"1611",42.8,1883-03-01
"1612",82.1,1883-04-01
"1613",31.5,1883-05-01
"1614",76.3,1883-06-01
"1615",80.6,1883-07-01
"1616",46,1883-08-01
"1617",52.6,1883-09-01
"1618",83.8,1883-10-01
"1619",84.5,1883-11-01
"1620",75.9,1883-12-01
"1621",91.5,1884-01-01
"1622",86.9,1884-02-01
"1623",87.5,1884-03-01
"1624",76.1,1884-04-01
"1625",66.5,1884-05-01
"1626",51.2,1884-06-01
"1627",53.1,1884-07-01
"1628",55.8,1884-08-01
"1629",61.9,1884-09-01
"1630",47.8,1884-10-01
"1631",36.6,1884-11-01
"1632",47.2,1884-12-01
"1633",42.8,1885-01-01
"1634",71.8,1885-02-01
"1635",49.8,1885-03-01
"1636",55,1885-04-01
"1637",73,1885-05-01
"1638",83.7,1885-06-01
"1639",66.5,1885-07-01
"1640",50,1885-08-01
"1641",39.6,1885-09-01
"1642",38.7,1885-10-01
"1643",30.9,1885-11-01
"1644",21.7,1885-12-01
"1645",29.9,1886-01-01
"1646",25.9,1886-02-01
"1647",57.3,1886-03-01
"1648",43.7,1886-04-01
"1649",30.7,1886-05-01
"1650",27.1,1886-06-01
"1651",30.3,1886-07-01
"1652",16.9,1886-08-01
"1653",21.4,1886-09-01
"1654",8.6,1886-10-01
"1655",0.3,1886-11-01
"1656",13,1886-12-01
"1657",10.3,1887-01-01
"1658",13.2,1887-02-01
"1659",4.2,1887-03-01
"1660",6.9,1887-04-01
"1661",20,1887-05-01
"1662",15.7,1887-06-01
"1663",23.4,1887-07-01
"1664",21.4,1887-08-01
"1665",7.4,1887-09-01
"1666",6.6,1887-10-01
"1667",6.9,1887-11-01
"1668",20.7,1887-12-01
"1669",12.7,1888-01-01
"1670",7.1,1888-02-01
"1671",7.8,1888-03-01
"1672",5.1,1888-04-01
"1673",7,1888-05-01
"1674",7.1,1888-06-01
"1675",3.1,1888-07-01
"1676",2.8,1888-08-01
"1677",8.8,1888-09-01
"1678",2.1,1888-10-01
"1679",10.7,1888-11-01
"1680",6.7,1888-12-01
"1681",0.8,1889-01-01
"1682",8.5,1889-02-01
"1683",6.7,1889-03-01
"1684",4.3,1889-04-01
"1685",2.4,1889-05-01
"1686",6.4,1889-06-01
"1687",9.4,1889-07-01
"1688",20.6,1889-08-01
"1689",6.5,1889-09-01
"1690",2.1,1889-10-01
"1691",0.2,1889-11-01
"1692",6.7,1889-12-01
"1693",5.3,1890-01-01
"1694",0.6,1890-02-01
"1695",5.1,1890-03-01
"1696",1.6,1890-04-01
"1697",4.8,1890-05-01
"1698",1.3,1890-06-01
"1699",11.6,1890-07-01
"1700",8.5,1890-08-01
"1701",17.2,1890-09-01
"1702",11.2,1890-10-01
"1703",9.6,1890-11-01
"1704",7.8,1890-12-01
"1705",13.5,1891-01-01
"1706",22.2,1891-02-01
"1707",10.4,1891-03-01
"1708",20.5,1891-04-01
"1709",41.1,1891-05-01
"1710",48.3,1891-06-01
"1711",58.8,1891-07-01
"1712",33,1891-08-01
"1713",53.8,1891-09-01
"1714",51.5,1891-10-01
"1715",41.9,1891-11-01
"1716",32.5,1891-12-01
"1717",69.1,1892-01-01
"1718",75.6,1892-02-01
"1719",49.9,1892-03-01
"1720",69.6,1892-04-01
"1721",79.6,1892-05-01
"1722",76.3,1892-06-01
"1723",76.5,1892-07-01
"1724",101.4,1892-08-01
"1725",62.8,1892-09-01
"1726",70.5,1892-10-01
"1727",65.4,1892-11-01
"1728",78.6,1892-12-01
"1729",75,1893-01-01
"1730",73,1893-02-01
"1731",65.7,1893-03-01
"1732",88.1,1893-04-01
"1733",84.7,1893-05-01
"1734",89.9,1893-06-01
"1735",88.6,1893-07-01
"1736",129.2,1893-08-01
"1737",77.9,1893-09-01
"1738",80,1893-10-01
"1739",75.1,1893-11-01
"1740",93.8,1893-12-01
"1741",83.2,1894-01-01
"1742",84.6,1894-02-01
"1743",52.3,1894-03-01
"1744",81.6,1894-04-01
"1745",101.2,1894-05-01
"1746",98.9,1894-06-01
"1747",106,1894-07-01
"1748",70.3,1894-08-01
"1749",65.9,1894-09-01
"1750",75.5,1894-10-01
"1751",56.6,1894-11-01
"1752",60,1894-12-01
"1753",63.3,1895-01-01
"1754",67.2,1895-02-01
"1755",61,1895-03-01
"1756",76.9,1895-04-01
"1757",67.5,1895-05-01
"1758",71.5,1895-06-01
"1759",47.8,1895-07-01
"1760",68.9,1895-08-01
"1761",57.7,1895-09-01
"1762",67.9,1895-10-01
"1763",47.2,1895-11-01
"1764",70.7,1895-12-01
"1765",29,1896-01-01
"1766",57.4,1896-02-01
"1767",52,1896-03-01
"1768",43.8,1896-04-01
"1769",27.7,1896-05-01
"1770",49,1896-06-01
"1771",45,1896-07-01
"1772",27.2,1896-08-01
"1773",61.3,1896-09-01
"1774",28.7,1896-10-01
"1775",38,1896-11-01
"1776",42.6,1896-12-01
"1777",40.6,1897-01-01
"1778",29.4,1897-02-01
"1779",29.1,1897-03-01
"1780",31,1897-04-01
"1781",20,1897-05-01
"1782",11.3,1897-06-01
"1783",27.6,1897-07-01
"1784",21.8,1897-08-01
"1785",48.1,1897-09-01
"1786",14.3,1897-10-01
"1787",8.4,1897-11-01
"1788",33.3,1897-12-01
"1789",30.2,1898-01-01
"1790",36.4,1898-02-01
"1791",38.3,1898-03-01
"1792",14.5,1898-04-01
"1793",25.8,1898-05-01
"1794",22.3,1898-06-01
"1795",9,1898-07-01
"1796",31.4,1898-08-01
"1797",34.8,1898-09-01
"1798",34.4,1898-10-01
"1799",30.9,1898-11-01
"1800",12.6,1898-12-01
"1801",19.5,1899-01-01
"1802",9.2,1899-02-01
"1803",18.1,1899-03-01
"1804",14.2,1899-04-01
"1805",7.7,1899-05-01
"1806",20.5,1899-06-01
"1807",13.5,1899-07-01
"1808",2.9,1899-08-01
"1809",8.4,1899-09-01
"1810",13,1899-10-01
"1811",7.8,1899-11-01
"1812",10.5,1899-12-01
"1813",9.4,1900-01-01
"1814",13.6,1900-02-01
"1815",8.6,1900-03-01
"1816",16,1900-04-01
"1817",15.2,1900-05-01
"1818",12.1,1900-06-01
"1819",8.3,1900-07-01
"1820",4.3,1900-08-01
"1821",8.3,1900-09-01
"1822",12.9,1900-10-01
"1823",4.5,1900-11-01
"1824",0.3,1900-12-01
"1825",0.2,1901-01-01
"1826",2.4,1901-02-01
"1827",4.5,1901-03-01
"1828",0,1901-04-01
"1829",10.2,1901-05-01
"1830",5.8,1901-06-01
"1831",0.7,1901-07-01
"1832",1,1901-08-01
"1833",0.6,1901-09-01
"1834",3.7,1901-10-01
"1835",3.8,1901-11-01
"1836",0,1901-12-01
"1837",5.5,1902-01-01
"1838",0,1902-02-01
"1839",12.4,1902-03-01
"1840",0,1902-04-01
"1841",2.8,1902-05-01
"1842",1.4,1902-06-01
"1843",0.9,1902-07-01
"1844",2.3,1902-08-01
"1845",7.6,1902-09-01
"1846",16.3,1902-10-01
"1847",10.3,1902-11-01
"1848",1.1,1902-12-01
"1849",8.3,1903-01-01
"1850",17,1903-02-01
"1851",13.5,1903-03-01
"1852",26.1,1903-04-01
"1853",14.6,1903-05-01
"1854",16.3,1903-06-01
"1855",27.9,1903-07-01
"1856",28.8,1903-08-01
"1857",11.1,1903-09-01
"1858",38.9,1903-10-01
"1859",44.5,1903-11-01
"1860",45.6,1903-12-01
"1861",31.6,1904-01-01
"1862",24.5,1904-02-01
"1863",37.2,1904-03-01
"1864",43,1904-04-01
"1865",39.5,1904-05-01
"1866",41.9,1904-06-01
"1867",50.6,1904-07-01
"1868",58.2,1904-08-01
"1869",30.1,1904-09-01
"1870",54.2,1904-10-01
"1871",38,1904-11-01
"1872",54.6,1904-12-01
"1873",54.8,1905-01-01
"1874",85.8,1905-02-01
"1875",56.5,1905-03-01
"1876",39.3,1905-04-01
"1877",48,1905-05-01
"1878",49,1905-06-01
"1879",73,1905-07-01
"1880",58.8,1905-08-01
"1881",55,1905-09-01
"1882",78.7,1905-10-01
"1883",107.2,1905-11-01
"1884",55.5,1905-12-01
"1885",45.5,1906-01-01
"1886",31.3,1906-02-01
"1887",64.5,1906-03-01
"1888",55.3,1906-04-01
"1889",57.7,1906-05-01
"1890",63.2,1906-06-01
"1891",103.6,1906-07-01
"1892",47.7,1906-08-01
"1893",56.1,1906-09-01
"1894",17.8,1906-10-01
"1895",38.9,1906-11-01
"1896",64.7,1906-12-01
"1897",76.4,1907-01-01
"1898",108.2,1907-02-01
"1899",60.7,1907-03-01
"1900",52.6,1907-04-01
"1901",42.9,1907-05-01
"1902",40.4,1907-06-01
"1903",49.7,1907-07-01
"1904",54.3,1907-08-01
"1905",85,1907-09-01
"1906",65.4,1907-10-01
"1907",61.5,1907-11-01
"1908",47.3,1907-12-01
"1909",39.2,1908-01-01
"1910",33.9,1908-02-01
"1911",28.7,1908-03-01
"1912",57.6,1908-04-01
"1913",40.8,1908-05-01
"1914",48.1,1908-06-01
"1915",39.5,1908-07-01
"1916",90.5,1908-08-01
"1917",86.9,1908-09-01
"1918",32.3,1908-10-01
"1919",45.5,1908-11-01
"1920",39.5,1908-12-01
"1921",56.7,1909-01-01
"1922",46.6,1909-02-01
"1923",66.3,1909-03-01
"1924",32.3,1909-04-01
"1925",36,1909-05-01
"1926",22.6,1909-06-01
"1927",35.8,1909-07-01
"1928",23.1,1909-08-01
"1929",38.8,1909-09-01
"1930",58.4,1909-10-01
"1931",55.8,1909-11-01
"1932",54.2,1909-12-01
"1933",26.4,1910-01-01
"1934",31.5,1910-02-01
"1935",21.4,1910-03-01
"1936",8.4,1910-04-01
"1937",22.2,1910-05-01
"1938",12.3,1910-06-01
"1939",14.1,1910-07-01
"1940",11.5,1910-08-01
"1941",26.2,1910-09-01
"1942",38.3,1910-10-01
"1943",4.9,1910-11-01
"1944",5.8,1910-12-01
"1945",3.4,1911-01-01
"1946",9,1911-02-01
"1947",7.8,1911-03-01
"1948",16.5,1911-04-01
"1949",9,1911-05-01
"1950",2.2,1911-06-01
"1951",3.5,1911-07-01
"1952",4,1911-08-01
"1953",4,1911-09-01
"1954",2.6,1911-10-01
"1955",4.2,1911-11-01
"1956",2.2,1911-12-01
"1957",0.3,1912-01-01
"1958",0,1912-02-01
"1959",4.9,1912-03-01
"1960",4.5,1912-04-01
"1961",4.4,1912-05-01
"1962",4.1,1912-06-01
"1963",3,1912-07-01
"1964",0.3,1912-08-01
"1965",9.5,1912-09-01
"1966",4.6,1912-10-01
"1967",1.1,1912-11-01
"1968",6.4,1912-12-01
"1969",2.3,1913-01-01
"1970",2.9,1913-02-01
"1971",0.5,1913-03-01
"1972",0.9,1913-04-01
"1973",0,1913-05-01
"1974",0,1913-06-01
"1975",1.7,1913-07-01
"1976",0.2,1913-08-01
"1977",1.2,1913-09-01
"1978",3.1,1913-10-01
"1979",0.7,1913-11-01
"1980",3.8,1913-12-01
"1981",2.8,1914-01-01
"1982",2.6,1914-02-01
"1983",3.1,1914-03-01
"1984",17.3,1914-04-01
"1985",5.2,1914-05-01
"1986",11.4,1914-06-01
"1987",5.4,1914-07-01
"1988",7.7,1914-08-01
"1989",12.7,1914-09-01
"1990",8.2,1914-10-01
"1991",16.4,1914-11-01
"1992",22.3,1914-12-01
"1993",23,1915-01-01
"1994",42.3,1915-02-01
"1995",38.8,1915-03-01
"1996",41.3,1915-04-01
"1997",33,1915-05-01
"1998",68.8,1915-06-01
"1999",71.6,1915-07-01
"2000",69.6,1915-08-01
"2001",49.5,1915-09-01
"2002",53.5,1915-10-01
"2003",42.5,1915-11-01
"2004",34.5,1915-12-01
"2005",45.3,1916-01-01
"2006",55.4,1916-02-01
"2007",67,1916-03-01
"2008",71.8,1916-04-01
"2009",74.5,1916-05-01
"2010",67.7,1916-06-01
"2011",53.5,1916-07-01
"2012",35.2,1916-08-01
"2013",45.1,1916-09-01
"2014",50.7,1916-10-01
"2015",65.6,1916-11-01
"2016",53,1916-12-01
"2017",74.7,1917-01-01
"2018",71.9,1917-02-01
"2019",94.8,1917-03-01
"2020",74.7,1917-04-01
"2021",114.1,1917-05-01
"2022",114.9,1917-06-01
"2023",119.8,1917-07-01
"2024",154.5,1917-08-01
"2025",129.4,1917-09-01
"2026",72.2,1917-10-01
"2027",96.4,1917-11-01
"2028",129.3,1917-12-01
"2029",96,1918-01-01
"2030",65.3,1918-02-01
"2031",72.2,1918-03-01
"2032",80.5,1918-04-01
"2033",76.7,1918-05-01
"2034",59.4,1918-06-01
"2035",107.6,1918-07-01
"2036",101.7,1918-08-01
"2037",79.9,1918-09-01
"2038",85,1918-10-01
"2039",83.4,1918-11-01
"2040",59.2,1918-12-01
"2041",48.1,1919-01-01
"2042",79.5,1919-02-01
"2043",66.5,1919-03-01
"2044",51.8,1919-04-01
"2045",88.1,1919-05-01
"2046",111.2,1919-06-01
"2047",64.7,1919-07-01
"2048",69,1919-08-01
"2049",54.7,1919-09-01
"2050",52.8,1919-10-01
"2051",42,1919-11-01
"2052",34.9,1919-12-01
"2053",51.1,1920-01-01
"2054",53.9,1920-02-01
"2055",70.2,1920-03-01
"2056",14.8,1920-04-01
"2057",33.3,1920-05-01
"2058",38.7,1920-06-01
"2059",27.5,1920-07-01
"2060",19.2,1920-08-01
"2061",36.3,1920-09-01
"2062",49.6,1920-10-01
"2063",27.2,1920-11-01
"2064",29.9,1920-12-01
"2065",31.5,1921-01-01
"2066",28.3,1921-02-01
"2067",26.7,1921-03-01
"2068",32.4,1921-04-01
"2069",22.2,1921-05-01
"2070",33.7,1921-06-01
"2071",41.9,1921-07-01
"2072",22.8,1921-08-01
"2073",17.8,1921-09-01
"2074",18.2,1921-10-01
"2075",17.8,1921-11-01
"2076",20.3,1921-12-01
"2077",11.8,1922-01-01
"2078",26.4,1922-02-01
"2079",54.7,1922-03-01
"2080",11,1922-04-01
"2081",8,1922-05-01
"2082",5.8,1922-06-01
"2083",10.9,1922-07-01
"2084",6.5,1922-08-01
"2085",4.7,1922-09-01
"2086",6.2,1922-10-01
"2087",7.4,1922-11-01
"2088",17.5,1922-12-01
"2089",4.5,1923-01-01
"2090",1.5,1923-02-01
"2091",3.3,1923-03-01
"2092",6.1,1923-04-01
"2093",3.2,1923-05-01
"2094",9.1,1923-06-01
"2095",3.5,1923-07-01
"2096",0.5,1923-08-01
"2097",13.2,1923-09-01
"2098",11.6,1923-10-01
"2099",10,1923-11-01
"2100",2.8,1923-12-01
"2101",0.5,1924-01-01
"2102",5.1,1924-02-01
"2103",1.8,1924-03-01
"2104",11.3,1924-04-01
"2105",20.8,1924-05-01
"2106",24,1924-06-01
"2107",28.1,1924-07-01
"2108",19.3,1924-08-01
"2109",25.1,1924-09-01
"2110",25.6,1924-10-01
"2111",22.5,1924-11-01
"2112",16.5,1924-12-01
"2113",5.5,1925-01-01
"2114",23.2,1925-02-01
"2115",18,1925-03-01
"2116",31.7,1925-04-01
"2117",42.8,1925-05-01
"2118",47.5,1925-06-01
"2119",38.5,1925-07-01
"2120",37.9,1925-08-01
"2121",60.2,1925-09-01
"2122",69.2,1925-10-01
"2123",58.6,1925-11-01
"2124",98.6,1925-12-01
"2125",71.8,1926-01-01
"2126",69.9,1926-02-01
"2127",62.5,1926-03-01
"2128",38.5,1926-04-01
"2129",64.3,1926-05-01
"2130",73.5,1926-06-01
"2131",52.3,1926-07-01
"2132",61.6,1926-08-01
"2133",60.8,1926-09-01
"2134",71.5,1926-10-01
"2135",60.5,1926-11-01
"2136",79.4,1926-12-01
"2137",81.6,1927-01-01
"2138",93,1927-02-01
"2139",69.6,1927-03-01
"2140",93.5,1927-04-01
"2141",79.1,1927-05-01
"2142",59.1,1927-06-01
"2143",54.9,1927-07-01
"2144",53.8,1927-08-01
"2145",68.4,1927-09-01
"2146",63.1,1927-10-01
"2147",67.2,1927-11-01
"2148",45.2,1927-12-01
"2149",83.5,1928-01-01
"2150",73.5,1928-02-01
"2151",85.5,1928-03-01
"2152",80.6,1928-04-01
"2153",77,1928-05-01
"2154",91.4,1928-06-01
"2155",98,1928-07-01
"2156",83.8,1928-08-01
"2157",89.7,1928-09-01
"2158",61.4,1928-10-01
"2159",50.3,1928-11-01
"2160",59,1928-12-01
"2161",68.9,1929-01-01
"2162",62.8,1929-02-01
"2163",50.2,1929-03-01
"2164",52.8,1929-04-01
"2165",58.2,1929-05-01
"2166",71.9,1929-06-01
"2167",70.2,1929-07-01
"2168",65.8,1929-08-01
"2169",34.4,1929-09-01
"2170",54,1929-10-01
"2171",81.1,1929-11-01
"2172",108,1929-12-01
"2173",65.3,1930-01-01
"2174",49.9,1930-02-01
"2175",35,1930-03-01
"2176",38.2,1930-04-01
"2177",36.8,1930-05-01
"2178",28.8,1930-06-01
"2179",21.9,1930-07-01
"2180",24.9,1930-08-01
"2181",32.1,1930-09-01
"2182",34.4,1930-10-01
"2183",35.6,1930-11-01
"2184",25.8,1930-12-01
"2185",14.6,1931-01-01
"2186",43.1,1931-02-01
"2187",30,1931-03-01
"2188",31.2,1931-04-01
"2189",24.6,1931-05-01
"2190",15.3,1931-06-01
"2191",17.4,1931-07-01
"2192",13,1931-08-01
"2193",19,1931-09-01
"2194",10,1931-10-01
"2195",18.7,1931-11-01
"2196",17.8,1931-12-01
"2197",12.1,1932-01-01
"2198",10.6,1932-02-01
"2199",11.2,1932-03-01
"2200",11.2,1932-04-01
"2201",17.9,1932-05-01
"2202",22.2,1932-06-01
"2203",9.6,1932-07-01
"2204",6.8,1932-08-01
"2205",4,1932-09-01
"2206",8.9,1932-10-01
"2207",8.2,1932-11-01
"2208",11,1932-12-01
"2209",12.3,1933-01-01
"2210",22.2,1933-02-01
"2211",10.1,1933-03-01
"2212",2.9,1933-04-01
"2213",3.2,1933-05-01
"2214",5.2,1933-06-01
"2215",2.8,1933-07-01
"2216",0.2,1933-08-01
"2217",5.1,1933-09-01
"2218",3,1933-10-01
"2219",0.6,1933-11-01
"2220",0.3,1933-12-01
"2221",3.4,1934-01-01
"2222",7.8,1934-02-01
"2223",4.3,1934-03-01
"2224",11.3,1934-04-01
"2225",19.7,1934-05-01
"2226",6.7,1934-06-01
"2227",9.3,1934-07-01
"2228",8.3,1934-08-01
"2229",4,1934-09-01
"2230",5.7,1934-10-01
"2231",8.7,1934-11-01
"2232",15.4,1934-12-01
"2233",18.6,1935-01-01
"2234",20.5,1935-02-01
"2235",23.1,1935-03-01
"2236",12.2,1935-04-01
"2237",27.3,1935-05-01
"2238",45.7,1935-06-01
"2239",33.9,1935-07-01
"2240",30.1,1935-08-01
"2241",42.1,1935-09-01
"2242",53.2,1935-10-01
"2243",64.2,1935-11-01
"2244",61.5,1935-12-01
"2245",62.8,1936-01-01
"2246",74.3,1936-02-01
"2247",77.1,1936-03-01
"2248",74.9,1936-04-01
"2249",54.6,1936-05-01
"2250",70,1936-06-01
"2251",52.3,1936-07-01
"2252",87,1936-08-01
"2253",76,1936-09-01
"2254",89,1936-10-01
"2255",115.4,1936-11-01
"2256",123.4,1936-12-01
"2257",132.5,1937-01-01
"2258",128.5,1937-02-01
"2259",83.9,1937-03-01
"2260",109.3,1937-04-01
"2261",116.7,1937-05-01
"2262",130.3,1937-06-01
"2263",145.1,1937-07-01
"2264",137.7,1937-08-01
"2265",100.7,1937-09-01
"2266",124.9,1937-10-01
"2267",74.4,1937-11-01
"2268",88.8,1937-12-01
"2269",98.4,1938-01-01
"2270",119.2,1938-02-01
"2271",86.5,1938-03-01
"2272",101,1938-04-01
"2273",127.4,1938-05-01
"2274",97.5,1938-06-01
"2275",165.3,1938-07-01
"2276",115.7,1938-08-01
"2277",89.6,1938-09-01
"2278",99.1,1938-10-01
"2279",122.2,1938-11-01
"2280",92.7,1938-12-01
"2281",80.3,1939-01-01
"2282",77.4,1939-02-01
"2283",64.6,1939-03-01
"2284",109.1,1939-04-01
"2285",118.3,1939-05-01
"2286",101,1939-06-01
"2287",97.6,1939-07-01
"2288",105.8,1939-08-01
"2289",112.6,1939-09-01
"2290",88.1,1939-10-01
"2291",68.1,1939-11-01
"2292",42.1,1939-12-01
"2293",50.5,1940-01-01
"2294",59.4,1940-02-01
"2295",83.3,1940-03-01
"2296",60.7,1940-04-01
"2297",54.4,1940-05-01
"2298",83.9,1940-06-01
"2299",67.5,1940-07-01
"2300",105.5,1940-08-01
"2301",66.5,1940-09-01
"2302",55,1940-10-01
"2303",58.4,1940-11-01
"2304",68.3,1940-12-01
"2305",45.6,1941-01-01
"2306",44.5,1941-02-01
"2307",46.4,1941-03-01
"2308",32.8,1941-04-01
"2309",29.5,1941-05-01
"2310",59.8,1941-06-01
"2311",66.9,1941-07-01
"2312",60,1941-08-01
"2313",65.9,1941-09-01
"2314",46.3,1941-10-01
"2315",38.4,1941-11-01
"2316",33.7,1941-12-01
"2317",35.6,1942-01-01
"2318",52.8,1942-02-01
"2319",54.2,1942-03-01
"2320",60.7,1942-04-01
"2321",25,1942-05-01
"2322",11.4,1942-06-01
"2323",17.7,1942-07-01
"2324",20.2,1942-08-01
"2325",17.2,1942-09-01
"2326",19.2,1942-10-01
"2327",30.7,1942-11-01
"2328",22.5,1942-12-01
"2329",12.5,1943-01-01
"2330",28.9,1943-02-01
"2331",27.4,1943-03-01
"2332",26.1,1943-04-01
"2333",14.1,1943-05-01
"2334",7.6,1943-06-01
"2335",13.2,1943-07-01
"2336",19.4,1943-08-01
"2337",10,1943-09-01
"2338",7.8,1943-10-01
"2339",10.2,1943-11-01
"2340",18.8,1943-12-01
"2341",3.7,1944-01-01
"2342",0.5,1944-02-01
"2343",11,1944-03-01
"2344",0.3,1944-04-01
"2345",2.5,1944-05-01
"2346",5,1944-06-01
"2347",5,1944-07-01
"2348",16.7,1944-08-01
"2349",14.3,1944-09-01
"2350",16.9,1944-10-01
"2351",10.8,1944-11-01
"2352",28.4,1944-12-01
"2353",18.5,1945-01-01
"2354",12.7,1945-02-01
"2355",21.5,1945-03-01
"2356",32,1945-04-01
"2357",30.6,1945-05-01
"2358",36.2,1945-06-01
"2359",42.6,1945-07-01
"2360",25.9,1945-08-01
"2361",34.9,1945-09-01
"2362",68.8,1945-10-01
"2363",46,1945-11-01
"2364",27.4,1945-12-01
"2365",47.6,1946-01-01
"2366",86.2,1946-02-01
"2367",76.6,1946-03-01
"2368",75.7,1946-04-01
"2369",84.9,1946-05-01
"2370",73.5,1946-06-01
"2371",116.2,1946-07-01
"2372",107.2,1946-08-01
"2373",94.4,1946-09-01
"2374",102.3,1946-10-01
"2375",123.8,1946-11-01
"2376",121.7,1946-12-01
"2377",115.7,1947-01-01
"2378",133.4,1947-02-01
"2379",129.8,1947-03-01
"2380",149.8,1947-04-01
"2381",201.3,1947-05-01
"2382",163.9,1947-06-01
"2383",157.9,1947-07-01
"2384",188.8,1947-08-01
"2385",169.4,1947-09-01
"2386",163.6,1947-10-01
"2387",128,1947-11-01
"2388",116.5,1947-12-01
"2389",108.5,1948-01-01
"2390",86.1,1948-02-01
"2391",94.8,1948-03-01
"2392",189.7,1948-04-01
"2393",174,1948-05-01
"2394",167.8,1948-06-01
"2395",142.2,1948-07-01
"2396",157.9,1948-08-01
"2397",143.3,1948-09-01
"2398",136.3,1948-10-01
"2399",95.8,1948-11-01
"2400",138,1948-12-01
"2401",119.1,1949-01-01
"2402",182.3,1949-02-01
"2403",157.5,1949-03-01
"2404",147,1949-04-01
"2405",106.2,1949-05-01
"2406",121.7,1949-06-01
"2407",125.8,1949-07-01
"2408",123.8,1949-08-01
"2409",145.3,1949-09-01
"2410",131.6,1949-10-01
"2411",143.5,1949-11-01
"2412",117.6,1949-12-01
"2413",101.6,1950-01-01
"2414",94.8,1950-02-01
"2415",109.7,1950-03-01
"2416",113.4,1950-04-01
"2417",106.2,1950-05-01
"2418",83.6,1950-06-01
"2419",91,1950-07-01
"2420",85.2,1950-08-01
"2421",51.3,1950-09-01
"2422",61.4,1950-10-01
"2423",54.8,1950-11-01
"2424",54.1,1950-12-01
"2425",59.9,1951-01-01
"2426",59.9,1951-02-01
"2427",55.9,1951-03-01
"2428",92.9,1951-04-01
"2429",108.5,1951-05-01
"2430",100.6,1951-06-01
"2431",61.5,1951-07-01
"2432",61,1951-08-01
"2433",83.1,1951-09-01
"2434",51.6,1951-10-01
"2435",52.4,1951-11-01
"2436",45.8,1951-12-01
"2437",40.7,1952-01-01
"2438",22.7,1952-02-01
"2439",22,1952-03-01
"2440",29.1,1952-04-01
"2441",23.4,1952-05-01
"2442",36.4,1952-06-01
"2443",39.3,1952-07-01
"2444",54.9,1952-08-01
"2445",28.2,1952-09-01
"2446",23.8,1952-10-01
"2447",22.1,1952-11-01
"2448",34.3,1952-12-01
"2449",26.5,1953-01-01
"2450",3.9,1953-02-01
"2451",10,1953-03-01
"2452",27.8,1953-04-01
"2453",12.5,1953-05-01
"2454",21.8,1953-06-01
"2455",8.6,1953-07-01
"2456",23.5,1953-08-01
"2457",19.3,1953-09-01
"2458",8.2,1953-10-01
"2459",1.6,1953-11-01
"2460",2.5,1953-12-01
"2461",0.2,1954-01-01
"2462",0.5,1954-02-01
"2463",10.9,1954-03-01
"2464",1.8,1954-04-01
"2465",0.8,1954-05-01
"2466",0.2,1954-06-01
"2467",4.8,1954-07-01
"2468",8.4,1954-08-01
"2469",1.5,1954-09-01
"2470",7,1954-10-01
"2471",9.2,1954-11-01
"2472",7.6,1954-12-01
"2473",23.1,1955-01-01
"2474",20.8,1955-02-01
"2475",4.9,1955-03-01
"2476",11.3,1955-04-01
"2477",28.9,1955-05-01
"2478",31.7,1955-06-01
"2479",26.7,1955-07-01
"2480",40.7,1955-08-01
"2481",42.7,1955-09-01
"2482",58.5,1955-10-01
"2483",89.2,1955-11-01
"2484",76.9,1955-12-01
"2485",73.6,1956-01-01
"2486",124,1956-02-01
"2487",118.4,1956-03-01
"2488",110.7,1956-04-01
"2489",136.6,1956-05-01
"2490",116.6,1956-06-01
"2491",129.1,1956-07-01
"2492",169.6,1956-08-01
"2493",173.2,1956-09-01
"2494",155.3,1956-10-01
"2495",201.3,1956-11-01
"2496",192.1,1956-12-01
"2497",165,1957-01-01
"2498",130.3,1957-02-01
"2499",157.4,1957-03-01
"2500",175.2,1957-04-01
"2501",164.6,1957-05-01
"2502",200.7,1957-06-01
"2503",187.2,1957-07-01
"2504",158,1957-08-01
"2505",235.8,1957-09-01
"2506",253.8,1957-10-01
"2507",210.9,1957-11-01
"2508",239.4,1957-12-01
"2509",202.5,1958-01-01
"2510",164.9,1958-02-01
"2511",190.7,1958-03-01
"2512",196,1958-04-01
"2513",175.3,1958-05-01
"2514",171.5,1958-06-01
"2515",191.4,1958-07-01
"2516",200.2,1958-08-01
"2517",201.2,1958-09-01
"2518",181.5,1958-10-01
"2519",152.3,1958-11-01
"2520",187.6,1958-12-01
"2521",217.4,1959-01-01
"2522",143.1,1959-02-01
"2523",185.7,1959-03-01
"2524",163.3,1959-04-01
"2525",172,1959-05-01
"2526",168.7,1959-06-01
"2527",149.6,1959-07-01
"2528",199.6,1959-08-01
"2529",145.2,1959-09-01
"2530",111.4,1959-10-01
"2531",124,1959-11-01
"2532",125,1959-12-01
"2533",146.3,1960-01-01
"2534",106,1960-02-01
"2535",102.2,1960-03-01
"2536",122,1960-04-01
"2537",119.6,1960-05-01
"2538",110.2,1960-06-01
"2539",121.7,1960-07-01
"2540",134.1,1960-08-01
"2541",127.2,1960-09-01
"2542",82.8,1960-10-01
"2543",89.6,1960-11-01
"2544",85.6,1960-12-01
"2545",57.9,1961-01-01
"2546",46.1,1961-02-01
"2547",53,1961-03-01
"2548",61.4,1961-04-01
"2549",51,1961-05-01
"2550",77.4,1961-06-01
"2551",70.2,1961-07-01
"2552",55.8,1961-08-01
"2553",63.6,1961-09-01
"2554",37.7,1961-10-01
"2555",32.6,1961-11-01
"2556",39.9,1961-12-01
"2557",38.7,1962-01-01
"2558",50.3,1962-02-01
"2559",45.6,1962-03-01
"2560",46.4,1962-04-01
"2561",43.7,1962-05-01
"2562",42,1962-06-01
"2563",21.8,1962-07-01
"2564",21.8,1962-08-01
"2565",51.3,1962-09-01
"2566",39.5,1962-10-01
"2567",26.9,1962-11-01
"2568",23.2,1962-12-01
"2569",19.8,1963-01-01
"2570",24.4,1963-02-01
"2571",17.1,1963-03-01
"2572",29.3,1963-04-01
"2573",43,1963-05-01
"2574",35.9,1963-06-01
"2575",19.6,1963-07-01
"2576",33.2,1963-08-01
"2577",38.8,1963-09-01
"2578",35.3,1963-10-01
"2579",23.4,1963-11-01
"2580",14.9,1963-12-01
"2581",15.3,1964-01-01
"2582",17.7,1964-02-01
"2583",16.5,1964-03-01
"2584",8.6,1964-04-01
"2585",9.5,1964-05-01
"2586",9.1,1964-06-01
"2587",3.1,1964-07-01
"2588",9.3,1964-08-01
"2589",4.7,1964-09-01
"2590",6.1,1964-10-01
"2591",7.4,1964-11-01
"2592",15.1,1964-12-01
"2593",17.5,1965-01-01
"2594",14.3,1965-02-01
"2595",11.7,1965-03-01
"2596",6.8,1965-04-01
"2597",24.1,1965-05-01
"2598",15.9,1965-06-01
"2599",11.9,1965-07-01
"2600",8.9,1965-08-01
"2601",16.8,1965-09-01
"2602",20.1,1965-10-01
"2603",15.8,1965-11-01
"2604",17,1965-12-01
"2605",28.2,1966-01-01
"2606",24.4,1966-02-01
"2607",25.3,1966-03-01
"2608",48.7,1966-04-01
"2609",45.3,1966-05-01
"2610",47.7,1966-06-01
"2611",56.7,1966-07-01
"2612",51.2,1966-08-01
"2613",50.2,1966-09-01
"2614",57.2,1966-10-01
"2615",57.2,1966-11-01
"2616",70.4,1966-12-01
"2617",110.9,1967-01-01
"2618",93.6,1967-02-01
"2619",111.8,1967-03-01
"2620",69.5,1967-04-01
"2621",86.5,1967-05-01
"2622",67.3,1967-06-01
"2623",91.5,1967-07-01
"2624",107.2,1967-08-01
"2625",76.8,1967-09-01
"2626",88.2,1967-10-01
"2627",94.3,1967-11-01
"2628",126.4,1967-12-01
"2629",121.8,1968-01-01
"2630",111.9,1968-02-01
"2631",92.2,1968-03-01
"2632",81.2,1968-04-01
"2633",127.2,1968-05-01
"2634",110.3,1968-06-01
"2635",96.1,1968-07-01
"2636",109.3,1968-08-01
"2637",117.2,1968-09-01
"2638",107.7,1968-10-01
"2639",86,1968-11-01
"2640",109.8,1968-12-01
"2641",104.4,1969-01-01
"2642",120.5,1969-02-01
"2643",135.8,1969-03-01
"2644",106.8,1969-04-01
"2645",120,1969-05-01
"2646",106,1969-06-01
"2647",96.8,1969-07-01
"2648",98,1969-08-01
"2649",91.3,1969-09-01
"2650",95.7,1969-10-01
"2651",93.5,1969-11-01
"2652",97.9,1969-12-01
"2653",111.5,1970-01-01
"2654",127.8,1970-02-01
"2655",102.9,1970-03-01
"2656",109.5,1970-04-01
"2657",127.5,1970-05-01
"2658",106.8,1970-06-01
"2659",112.5,1970-07-01
"2660",93,1970-08-01
"2661",99.5,1970-09-01
"2662",86.6,1970-10-01
"2663",95.2,1970-11-01
"2664",83.5,1970-12-01
"2665",91.3,1971-01-01
"2666",79,1971-02-01
"2667",60.7,1971-03-01
"2668",71.8,1971-04-01
"2669",57.5,1971-05-01
"2670",49.8,1971-06-01
"2671",81,1971-07-01
"2672",61.4,1971-08-01
"2673",50.2,1971-09-01
"2674",51.7,1971-10-01
"2675",63.2,1971-11-01
"2676",82.2,1971-12-01
"2677",61.5,1972-01-01
"2678",88.4,1972-02-01
"2679",80.1,1972-03-01
"2680",63.2,1972-04-01
"2681",80.5,1972-05-01
"2682",88,1972-06-01
"2683",76.5,1972-07-01
"2684",76.8,1972-08-01
"2685",64,1972-09-01
"2686",61.3,1972-10-01
"2687",41.6,1972-11-01
"2688",45.3,1972-12-01
"2689",43.4,1973-01-01
"2690",42.9,1973-02-01
"2691",46,1973-03-01
"2692",57.7,1973-04-01
"2693",42.4,1973-05-01
"2694",39.5,1973-06-01
"2695",23.1,1973-07-01
"2696",25.6,1973-08-01
"2697",59.3,1973-09-01
"2698",30.7,1973-10-01
"2699",23.9,1973-11-01
"2700",23.3,1973-12-01
"2701",27.6,1974-01-01
"2702",26,1974-02-01
"2703",21.3,1974-03-01
"2704",40.3,1974-04-01
"2705",39.5,1974-05-01
"2706",36,1974-06-01
"2707",55.8,1974-07-01
"2708",33.6,1974-08-01
"2709",40.2,1974-09-01
"2710",47.1,1974-10-01
"2711",25,1974-11-01
"2712",20.5,1974-12-01
"2713",18.9,1975-01-01
"2714",11.5,1975-02-01
"2715",11.5,1975-03-01
"2716",5.1,1975-04-01
"2717",9,1975-05-01
"2718",11.4,1975-06-01
"2719",28.2,1975-07-01
"2720",39.7,1975-08-01
"2721",13.9,1975-09-01
"2722",9.1,1975-10-01
"2723",19.4,1975-11-01
"2724",7.8,1975-12-01
"2725",8.1,1976-01-01
"2726",4.3,1976-02-01
"2727",21.9,1976-03-01
"2728",18.8,1976-04-01
"2729",12.4,1976-05-01
"2730",12.2,1976-06-01
"2731",1.9,1976-07-01
"2732",16.4,1976-08-01
"2733",13.5,1976-09-01
"2734",20.6,1976-10-01
"2735",5.2,1976-11-01
"2736",15.3,1976-12-01
"2737",16.4,1977-01-01
"2738",23.1,1977-02-01
"2739",8.7,1977-03-01
"2740",12.9,1977-04-01
"2741",18.6,1977-05-01
"2742",38.5,1977-06-01
"2743",21.4,1977-07-01
"2744",30.1,1977-08-01
"2745",44,1977-09-01
"2746",43.8,1977-10-01
"2747",29.1,1977-11-01
"2748",43.2,1977-12-01
"2749",51.9,1978-01-01
"2750",93.6,1978-02-01
"2751",76.5,1978-03-01
"2752",99.7,1978-04-01
"2753",82.7,1978-05-01
"2754",95.1,1978-06-01
"2755",70.4,1978-07-01
"2756",58.1,1978-08-01
"2757",138.2,1978-09-01
"2758",125.1,1978-10-01
"2759",97.9,1978-11-01
"2760",122.7,1978-12-01
"2761",166.6,1979-01-01
"2762",137.5,1979-02-01
"2763",138,1979-03-01
"2764",101.5,1979-04-01
"2765",134.4,1979-05-01
"2766",149.5,1979-06-01
"2767",159.4,1979-07-01
"2768",142.2,1979-08-01
"2769",188.4,1979-09-01
"2770",186.2,1979-10-01
"2771",183.3,1979-11-01
"2772",176.3,1979-12-01
"2773",159.6,1980-01-01
"2774",155,1980-02-01
"2775",126.2,1980-03-01
"2776",164.1,1980-04-01
"2777",179.9,1980-05-01
"2778",157.3,1980-06-01
"2779",136.3,1980-07-01
"2780",135.4,1980-08-01
"2781",155,1980-09-01
"2782",164.7,1980-10-01
"2783",147.9,1980-11-01
"2784",174.4,1980-12-01
"2785",114,1981-01-01
"2786",141.3,1981-02-01
"2787",135.5,1981-03-01
"2788",156.4,1981-04-01
"2789",127.5,1981-05-01
"2790",90.9,1981-06-01
"2791",143.8,1981-07-01
"2792",158.7,1981-08-01
"2793",167.3,1981-09-01
"2794",162.4,1981-10-01
"2795",137.5,1981-11-01
"2796",150.1,1981-12-01
"2797",111.2,1982-01-01
"2798",163.6,1982-02-01
"2799",153.8,1982-03-01
"2800",122,1982-04-01
"2801",82.2,1982-05-01
"2802",110.4,1982-06-01
"2803",106.1,1982-07-01
"2804",107.6,1982-08-01
"2805",118.8,1982-09-01
"2806",94.7,1982-10-01
"2807",98.1,1982-11-01
"2808",127,1982-12-01
"2809",84.3,1983-01-01
"2810",51,1983-02-01
"2811",66.5,1983-03-01
"2812",80.7,1983-04-01
"2813",99.2,1983-05-01
"2814",91.1,1983-06-01
"2815",82.2,1983-07-01
"2816",71.8,1983-08-01
"2817",50.3,1983-09-01
"2818",55.8,1983-10-01
"2819",33.4,1983-11-01
"2820",33.4,1983-12-01
"2821",57,1984-01-01
"2822",85.4,1984-02-01
"2823",83.5,1984-03-01
"2824",69.7,1984-04-01
"2825",76.4,1984-05-01
"2826",46.1,1984-06-01
"2827",37.4,1984-07-01
"2828",25.5,1984-08-01
"2829",15.7,1984-09-01
"2830",12,1984-10-01
"2831",22.8,1984-11-01
"2832",18.7,1984-12-01
"2833",16.5,1985-01-01
"2834",15.9,1985-02-01
"2835",17.2,1985-03-01
"2836",16.2,1985-04-01
"2837",27.5,1985-05-01
"2838",24.2,1985-06-01
"2839",30.7,1985-07-01
"2840",11.1,1985-08-01
"2841",3.9,1985-09-01
"2842",18.6,1985-10-01
"2843",16.2,1985-11-01
"2844",17.3,1985-12-01
"2845",2.5,1986-01-01
"2846",23.2,1986-02-01
"2847",15.1,1986-03-01
"2848",18.5,1986-04-01
"2849",13.7,1986-05-01
"2850",1.1,1986-06-01
"2851",18.1,1986-07-01
"2852",7.4,1986-08-01
"2853",3.8,1986-09-01
"2854",35.4,1986-10-01
"2855",15.2,1986-11-01
"2856",6.8,1986-12-01
"2857",10.4,1987-01-01
"2858",2.4,1987-02-01
"2859",14.7,1987-03-01
"2860",39.6,1987-04-01
"2861",33,1987-05-01
"2862",17.4,1987-06-01
"2863",33,1987-07-01
"2864",38.7,1987-08-01
"2865",33.9,1987-09-01
"2866",60.6,1987-10-01
"2867",39.9,1987-11-01
"2868",27.1,1987-12-01
"2869",59,1988-01-01
"2870",40,1988-02-01
"2871",76.2,1988-03-01
"2872",88,1988-04-01
"2873",60.1,1988-05-01
"2874",101.8,1988-06-01
"2875",113.8,1988-07-01
"2876",111.6,1988-08-01
"2877",120.1,1988-09-01
"2878",125.1,1988-10-01
"2879",125.1,1988-11-01
"2880",179.2,1988-12-01
"2881",161.3,1989-01-01
"2882",165.1,1989-02-01
"2883",131.4,1989-03-01
"2884",130.6,1989-04-01
"2885",138.5,1989-05-01
"2886",196.2,1989-06-01
"2887",126.9,1989-07-01
"2888",168.9,1989-08-01
"2889",176.7,1989-09-01
"2890",159.4,1989-10-01
"2891",173,1989-11-01
"2892",165.5,1989-12-01
"2893",177.3,1990-01-01
"2894",130.5,1990-02-01
"2895",140.3,1990-03-01
"2896",140.3,1990-04-01
"2897",132.2,1990-05-01
"2898",105.4,1990-06-01
"2899",149.4,1990-07-01
"2900",200.3,1990-08-01
"2901",125.2,1990-09-01
"2902",145.5,1990-10-01
"2903",131.4,1990-11-01
"2904",129.7,1990-12-01
"2905",136.9,1991-01-01
"2906",167.5,1991-02-01
"2907",141.9,1991-03-01
"2908",140,1991-04-01
"2909",121.3,1991-05-01
"2910",169.7,1991-06-01
"2911",173.7,1991-07-01
"2912",176.3,1991-08-01
"2913",125.3,1991-09-01
"2914",144.1,1991-10-01
"2915",108.2,1991-11-01
"2916",144.4,1991-12-01
"2917",150,1992-01-01
"2918",161.1,1992-02-01
"2919",106.7,1992-03-01
"2920",99.8,1992-04-01
"2921",73.8,1992-05-01
"2922",65.2,1992-06-01
"2923",85.7,1992-07-01
"2924",64.5,1992-08-01
"2925",63.9,1992-09-01
"2926",88.7,1992-10-01
"2927",91.8,1992-11-01
"2928",82.6,1992-12-01
"2929",59.3,1993-01-01
"2930",91,1993-02-01
"2931",69.8,1993-03-01
"2932",62.2,1993-04-01
"2933",61.3,1993-05-01
"2934",49.8,1993-06-01
"2935",57.9,1993-07-01
"2936",42.2,1993-08-01
"2937",22.4,1993-09-01
"2938",56.4,1993-10-01
"2939",35.6,1993-11-01
"2940",48.9,1993-12-01
"2941",57.8,1994-01-01
"2942",35.5,1994-02-01
"2943",31.7,1994-03-01
"2944",16.1,1994-04-01
"2945",17.8,1994-05-01
"2946",28,1994-06-01
"2947",35.1,1994-07-01
"2948",22.5,1994-08-01
"2949",25.7,1994-09-01
"2950",44,1994-10-01
"2951",18,1994-11-01
"2952",26.2,1994-12-01
"2953",24.2,1995-01-01
"2954",29.9,1995-02-01
"2955",31.1,1995-03-01
"2956",14,1995-04-01
"2957",14.5,1995-05-01
"2958",15.6,1995-06-01
"2959",14.5,1995-07-01
"2960",14.3,1995-08-01
"2961",11.8,1995-09-01
"2962",21.1,1995-10-01
"2963",9,1995-11-01
"2964",10,1995-12-01
"2965",11.5,1996-01-01
"2966",4.4,1996-02-01
"2967",9.2,1996-03-01
"2968",4.8,1996-04-01
"2969",5.5,1996-05-01
"2970",11.8,1996-06-01
"2971",8.2,1996-07-01
"2972",14.4,1996-08-01
"2973",1.6,1996-09-01
"2974",0.9,1996-10-01
"2975",17.9,1996-11-01
"2976",13.3,1996-12-01
"2977",5.7,1997-01-01
"2978",7.6,1997-02-01
"2979",8.7,1997-03-01
"2980",15.5,1997-04-01
"2981",18.5,1997-05-01
"2982",12.7,1997-06-01
"2983",10.4,1997-07-01
"2984",24.4,1997-08-01
"2985",51.3,1997-09-01
"2986",22.8,1997-10-01
"2987",39,1997-11-01
"2988",41.2,1997-12-01
"2989",31.9,1998-01-01
"2990",40.3,1998-02-01
"2991",54.8,1998-03-01
"2992",53.4,1998-04-01
"2993",56.3,1998-05-01
"2994",70.7,1998-06-01
"2995",66.6,1998-07-01
"2996",92.2,1998-08-01
"2997",92.9,1998-09-01
"2998",55.5,1998-10-01
"2999",74,1998-11-01
"3000",81.9,1998-12-01
"3001",62,1999-01-01
"3002",66.3,1999-02-01
"3003",68.8,1999-03-01
"3004",63.7,1999-04-01
"3005",106.4,1999-05-01
"3006",137.7,1999-06-01
"3007",113.5,1999-07-01
"3008",93.7,1999-08-01
"3009",71.5,1999-09-01
"3010",116.7,1999-10-01
"3011",133.2,1999-11-01
"3012",84.6,1999-12-01
"3013",90.1,2000-01-01
"3014",112.9,2000-02-01
"3015",138.5,2000-03-01
"3016",125.5,2000-04-01
"3017",121.6,2000-05-01
"3018",124.9,2000-06-01
"3019",170.1,2000-07-01
"3020",130.5,2000-08-01
"3021",109.7,2000-09-01
"3022",99.4,2000-10-01
"3023",106.8,2000-11-01
"3024",104.4,2000-12-01
"3025",95.6,2001-01-01
"3026",80.6,2001-02-01
"3027",113.5,2001-03-01
"3028",107.7,2001-04-01
"3029",96.6,2001-05-01
"3030",134,2001-06-01
"3031",81.8,2001-07-01
"3032",106.4,2001-08-01
"3033",150.7,2001-09-01
"3034",125.5,2001-10-01
"3035",106.5,2001-11-01
"3036",132.2,2001-12-01
"3037",114.1,2002-01-01
"3038",107.4,2002-02-01
"3039",98.4,2002-03-01
"3040",120.7,2002-04-01
"3041",120.8,2002-05-01
"3042",88.3,2002-06-01
"3043",99.6,2002-07-01
"3044",116.4,2002-08-01
"3045",109.6,2002-09-01
"3046",97.5,2002-10-01
"3047",95.5,2002-11-01
"3048",80.8,2002-12-01
"3049",79.7,2003-01-01
"3050",46,2003-02-01
"3051",61.1,2003-03-01
"3052",60,2003-04-01
"3053",54.6,2003-05-01
"3054",77.4,2003-06-01
"3055",83.3,2003-07-01
"3056",72.7,2003-08-01
"3057",48.7,2003-09-01
"3058",65.5,2003-10-01
"3059",67.3,2003-11-01
"3060",46.5,2003-12-01
"3061",37.3,2004-01-01
"3062",45.8,2004-02-01
"3063",49.1,2004-03-01
"3064",39.3,2004-04-01
"3065",41.5,2004-05-01
"3066",43.2,2004-06-01
"3067",51.1,2004-07-01
"3068",40.9,2004-08-01
"3069",27.7,2004-09-01
"3070",48,2004-10-01
"3071",43.5,2004-11-01
"3072",17.9,2004-12-01
"3073",31.3,2005-01-01
"3074",29.2,2005-02-01
"3075",24.5,2005-03-01
"3076",24.2,2005-04-01
"3077",42.7,2005-05-01
"3078",39.3,2005-06-01
"3079",40.1,2005-07-01
"3080",36.4,2005-08-01
"3081",21.9,2005-09-01
"3082",8.7,2005-10-01
"3083",18,2005-11-01
"3084",41.1,2005-12-01
"3085",15.3,2006-01-01
"3086",4.9,2006-02-01
"3087",10.6,2006-03-01
"3088",30.2,2006-04-01
"3089",22.3,2006-05-01
"3090",13.9,2006-06-01
"3091",12.2,2006-07-01
"3092",12.9,2006-08-01
"3093",14.4,2006-09-01
"3094",10.5,2006-10-01
"3095",21.4,2006-11-01
"3096",13.6,2006-12-01
"3097",16.8,2007-01-01
"3098",10.7,2007-02-01
"3099",4.5,2007-03-01
"3100",3.4,2007-04-01
"3101",11.7,2007-05-01
"3102",12.1,2007-06-01
"3103",9.7,2007-07-01
"3104",6,2007-08-01
"3105",2.4,2007-09-01
"3106",0.9,2007-10-01
"3107",1.7,2007-11-01
"3108",10.1,2007-12-01
"3109",3.3,2008-01-01
"3110",2.1,2008-02-01
"3111",9.3,2008-03-01
"3112",2.9,2008-04-01
"3113",3.2,2008-05-01
"3114",3.4,2008-06-01
"3115",0.8,2008-07-01
"3116",0.5,2008-08-01
"3117",1.1,2008-09-01
"3118",2.9,2008-10-01
"3119",4.1,2008-11-01
"3120",0.8,2008-12-01
"3121",1.3,2009-01-01
"3122",1.4,2009-02-01
"3123",0.7,2009-03-01
"3124",0.8,2009-04-01
"3125",2.9,2009-05-01
"3126",2.9,2009-06-01
"3127",3.2,2009-07-01
"3128",0,2009-08-01
"3129",4.3,2009-09-01
"3130",4.8,2009-10-01
"3131",4.1,2009-11-01
"3132",10.8,2009-12-01
"3133",13.2,2010-01-01
"3134",18.8,2010-02-01
"3135",15.4,2010-03-01
"3136",8,2010-04-01
"3137",8.7,2010-05-01
"3138",13.6,2010-06-01
"3139",16.1,2010-07-01
"3140",19.6,2010-08-01
"3141",25.2,2010-09-01
"3142",23.5,2010-10-01
"3143",21.5,2010-11-01
"3144",14.4,2010-12-01
"3145",18.8,2011-01-01
"3146",29.6,2011-02-01
"3147",55.8,2011-03-01
"3148",54.4,2011-04-01
"3149",41.6,2011-05-01
"3150",37,2011-06-01
"3151",43.8,2011-07-01
"3152",50.6,2011-08-01
"3153",78,2011-09-01
"3154",88,2011-10-01
"3155",96.7,2011-11-01
"3156",73,2011-12-01
"3157",58.3,2012-01-01
"3158",32.9,2012-02-01
"3159",64.3,2012-03-01
"3160",55.2,2012-04-01
"3161",69,2012-05-01
"3162",64.5,2012-06-01
"3163",66.5,2012-07-01
"3164",63,2012-08-01
"3165",61.4,2012-09-01
"3166",53.3,2012-10-01
"3167",61.8,2012-11-01
"3168",40.8,2012-12-01
"3169",62.9,2013-01-01
"3170",38.1,2013-02-01
"3171",57.9,2013-03-01
"3172",72.4,2013-04-01
"3173",78.7,2013-05-01
"3174",52.5,2013-06-01
"3175",57,2013-07-01
"3176",66,2013-08-01
"3177",37,2013-09-01
